label,area,perimeter,convex_area,solidity,major_axis_length,minor_axis_length
1,790.0,150.71067811865476,925.0,0.8540540540540541,35.624859120812815,31.29249066193831
2,11478.0,652.002092041053,13295.0,0.8633320797292215,162.24614965855818,105.64123472043806
3,407.0,98.76955262170047,468.0,0.8696581196581197,35.10780162526411,16.797603411136574
4,261.0,64.8700576850888,283.0,0.9222614840989399,21.875944767087017,15.518070724313924
5,256.0,66.2842712474619,286.0,0.8951048951048951,22.69182937682511,15.39066689847883
6,170.0,51.79898987322333,190.0,0.8947368421052632,16.321926912705006,13.853178321496523
7,327.0,74.52691193458118,359.0,0.9108635097493036,27.1807469713483,15.860723136499667
8,285.0,72.76955262170047,319.0,0.8934169278996865,28.328916336463518,13.228462811267248
9,388.0,82.62741699796952,419.0,0.9260143198090692,30.01939636484716,17.068695288218606
10,189.0,57.45584412271571,216.0,0.875,22.16959947793563,11.167692858823335
11,147.0,48.62741699796952,166.0,0.8855421686746988,18.001872041300352,11.027921387875418
12,294.0,84.32590180780451,375.0,0.784,24.126749412070563,18.103011342912072
13,214.0,60.52691193458118,242.0,0.8842975206611571,18.18575641356122,16.36120272341404
14,111.0,42.62741699796952,129.0,0.8604651162790697,14.801870930938144,9.980802062850632
15,3066.0,273.33809511662423,3451.0,0.8884381338742393,73.23477092937256,61.212949438329005
16,202.0,57.698484809834994,228.0,0.8859649122807017,19.086013858328734,13.95407935554665
17,1381.0,188.88834764831842,1536.0,0.8990885416666666,44.84680661141298,41.14526465423067
18,211.0,58.42031021678297,233.0,0.9055793991416309,20.32209684228833,13.722711100914388
19,130.0,41.55634918610404,141.0,0.9219858156028369,13.713416725464254,12.165406403255126
20,112.0,42.87005768508881,128.0,0.875,16.94002124326636,8.755681343441434
21,2714.0,299.350288425444,3419.0,0.7937993565369991,72.17570033035277,57.28501375609484
22,725.0,117.1543289325507,806.0,0.8995037220843672,37.82635874429298,25.169613213801156
23,108.0,37.798989873223334,118.0,0.9152542372881356,12.666315954434396,11.007758634534012
24,104.0,46.04163056034262,128.0,0.8125,17.332615317663127,8.270069873789778
25,250.0,89.91168824543142,340.0,0.7352941176470589,27.201715468696708,14.113700137103178
26,171.0,52.2842712474619,191.0,0.8952879581151832,18.09474026272195,12.577057367299693
27,138.0,42.384776310850235,149.0,0.9261744966442953,14.728841927165494,11.953442264143101
28,253.0,72.87005768508881,277.0,0.9133574007220217,31.802031190560285,10.56044058995696
29,184.0,60.18376618407356,217.0,0.847926267281106,22.656949867843625,11.053062205682801
30,313.0,82.2842712474619,348.0,0.8994252873563219,35.091690303557705,11.793506748598134
31,151.0,44.62741699796952,161.0,0.937888198757764,15.280755989018193,12.851088878065463
32,336.0,80.2842712474619,379.0,0.8865435356200527,24.79379328835635,18.18566338968717
33,745.0,112.42640687119285,794.0,0.9382871536523929,36.787714118340126,27.346154009919783
34,165.0,54.698484809834994,190.0,0.868421052631579,19.22334705299513,11.624023154914955
35,215.0,56.2842712474619,236.0,0.9110169491525424,18.458237965093215,15.019998050429841
36,356.0,97.49747468305833,434.0,0.8202764976958525,41.639387149485486,11.805886703474817
37,318.0,85.25483399593904,404.0,0.7871287128712872,26.21009303370208,19.20733021075186
38,223.0,64.76955262170047,257.0,0.867704280155642,23.851092761191154,12.416315406103333
39,864.0,140.81118318204307,1017.0,0.8495575221238938,41.07260230376369,29.400044689077845
40,589.0,97.59797974644665,621.0,0.9484702093397746,35.638139303990805,21.683867723665863
41,151.0,54.2842712474619,176.0,0.8579545454545454,17.794777885397,11.782038429180535
42,162.0,50.87005768508881,184.0,0.8804347826086957,16.988905621800875,12.625936607886556
43,343.0,87.84062043356595,418.0,0.8205741626794258,27.194517135764624,18.247077945302472
44,233.0,59.698484809834994,255.0,0.9137254901960784,19.839058755328924,15.439695316804233
45,140.0,44.62741699796952,153.0,0.9150326797385621,15.76747474372039,11.39293575440934
46,393.0,90.42640687119285,458.0,0.8580786026200873,29.94384882132487,18.015742046217873
47,18014.0,802.1919548795365,20644.0,0.8726022088742492,202.34360986853008,122.81923851191293
48,155.0,50.55634918610404,174.0,0.8908045977011494,17.932810402727345,11.498127836049289
49,136.0,45.970562748477136,151.0,0.9006622516556292,16.69127963032653,10.649608447299522
50,434.0,82.8700576850888,464.0,0.9353448275862069,26.11521733134568,21.749678984490536
51,1210.0,157.19595949289334,1323.0,0.9145880574452003,58.782998697548074,27.450677525236454
52,411.0,87.08326112068522,457.0,0.899343544857768,29.057588524874376,18.555844573426523
53,1554.0,219.03657992645927,1933.0,0.8039317123642007,63.04934596464653,36.62356262365009
54,171.0,52.90559159102154,191.0,0.8952879581151832,18.297098017228585,12.466666372444244
55,104.0,40.87005768508881,117.0,0.8888888888888888,13.836264811969652,9.883646810661661
56,470.0,100.25483399593904,566.0,0.8303886925795053,33.80052735134487,19.883101679356525
57,184.0,50.8700576850888,196.0,0.9387755102040817,17.929134508032945,13.257280757031024
58,1866.0,197.4386001800126,1963.0,0.9505858380030565,72.52622019800603,34.90682609965228
59,588.0,96.94722215136416,629.0,0.9348171701112877,29.796377962610794,26.763553658036678
60,105.0,47.698484809834994,129.0,0.813953488372093,17.863094142505172,8.340591619485199
61,750.0,128.5685424949238,824.0,0.9101941747572816,51.23650937915362,19.075477217735553
62,1894.0,228.79393923933998,2277.0,0.8317962231005709,75.45309525389995,37.20732681968871
63,1104.0,152.71067811865476,1249.0,0.8839071257005604,52.817591593219625,29.5933877021804
64,348.0,78.18376618407356,380.0,0.9157894736842105,29.472259828080503,16.04778783807425
65,1162.0,161.05992052357226,1323.0,0.8783068783068783,56.649151722846504,29.028171942521762
66,13321.0,657.5218613006978,18870.0,0.7059353471118177,192.1300904751292,120.06518518186674
67,800.0,145.64570696119915,958.0,0.8350730688935282,45.404275707944365,24.872722457281856
68,173.0,49.21320343559643,190.0,0.9105263157894737,16.547207389974915,13.548524250634518
69,603.0,131.9827560572969,706.0,0.8541076487252125,51.822487902675874,15.973941718976707
70,319.0,73.35533905932738,357.0,0.8935574229691877,22.744470909040377,18.543881705391957
71,108.0,39.62741699796952,120.0,0.9,13.166843486720687,10.695136617820344
72,1286.0,176.71677477306463,1482.0,0.8677462887989204,47.720197641503454,36.6071158193364
73,138.0,46.2842712474619,153.0,0.9019607843137255,17.20404919602719,10.4185311358959
74,391.0,89.80508652763321,438.0,0.8926940639269406,29.829099533666596,17.444787789248668
75,359.0,81.01219330881975,399.0,0.899749373433584,30.32614936642826,16.379359488480432
76,307.0,72.5269119345812,332.0,0.9246987951807228,29.3357355727625,13.483548154479223
77,106.0,43.112698372208094,119.0,0.8907563025210085,18.661951365927933,7.36859450351868
78,1397.0,184.3259018078045,1696.0,0.8237028301886793,70.19753496674615,27.835138026278983
79,1327.0,193.8233764908628,1586.0,0.8366960907944514,67.5040410105735,27.415721636677947
80,475.0,97.63351365237939,572.0,0.8304195804195804,33.41143114207832,19.70691695733675
81,227.0,66.08326112068524,251.0,0.9043824701195219,26.819529795474622,11.295479750261286
82,804.0,163.16652224137044,1067.0,0.753514526710403,62.94284951584904,20.142026877091126
83,107.0,37.55634918610404,118.0,0.9067796610169492,12.182029373375688,11.32156236065915
84,202.0,62.18376618407356,224.0,0.9017857142857143,26.860074093721447,9.821812206285824
85,225.0,59.01219330881976,237.0,0.9493670886075949,23.35622385204419,12.55622387465619
86,313.0,70.18376618407356,338.0,0.9260355029585798,26.700432395388507,15.21867452648024
87,419.0,105.49747468305833,541.0,0.7744916820702403,43.290729884633926,14.375947356021205
88,171.0,53.698484809834994,198.0,0.8636363636363636,20.208443762236694,11.228504730135136
89,111.0,43.45584412271571,128.0,0.8671875,12.902146180868062,11.592589274114355
90,160.0,54.62741699796952,182.0,0.8791208791208791,22.672073317097965,9.261457309955844
91,331.0,73.84062043356595,374.0,0.8850267379679144,24.016657724404492,18.416573448368762
92,251.0,65.76955262170047,275.0,0.9127272727272727,24.710469459512304,13.404196075387771
93,143.0,50.14213562373095,154.0,0.9285714285714286,21.947606756351714,8.343946821969514
94,227.0,60.284271247461895,249.0,0.9116465863453815,21.33782253093846,14.113902691957122
95,16952.0,817.8498551495554,19526.0,0.8681757656458056,278.6119495941314,81.29245535614618
96,713.0,114.25483399593904,787.0,0.9059720457433291,41.5823374974057,23.07259273987961
97,103.0,38.87005768508881,114.0,0.9035087719298246,14.502061674480238,9.197692646077254
98,173.0,53.8700576850888,201.0,0.8606965174129353,18.701508674122564,12.388521506714874
99,760.0,115.1543289325507,818.0,0.9290953545232273,42.39523260905152,23.4986588278109
100,117.0,41.45584412271571,127.0,0.9212598425196851,16.29722491722236,9.381422934436417
101,141.0,45.45584412271571,155.0,0.9096774193548387,15.054318615068,12.356586567184609
102,192.0,53.4558441227157,211.0,0.909952606635071,17.289297953163526,14.539199978298589
103,539.0,95.49747468305833,597.0,0.9028475711892797,31.686395158740066,22.143234379014032
104,385.0,82.18376618407356,421.0,0.9144893111638955,27.817464705946666,18.539110147146626
105,431.0,94.91168824543144,512.0,0.841796875,30.64730299016345,18.951820190299152
106,265.0,63.94112549695428,282.0,0.9397163120567376,21.254444887471596,16.343557853545523
107,147.0,49.87005768508881,167.0,0.8802395209580839,15.823519000875976,12.349458090986326
108,291.0,69.35533905932738,320.0,0.909375,25.02163688221971,15.480606387872886
109,454.0,98.1543289325507,528.0,0.8598484848484849,29.78609523904442,20.725293204363822
110,160.0,56.8700576850888,189.0,0.8465608465608465,23.273167614049154,9.195361287539146
111,526.0,109.39696961966999,612.0,0.8594771241830066,37.209699903767735,19.359640773843083
112,138.0,49.21320343559643,155.0,0.8903225806451613,16.00162591376726,11.565873689194735
113,607.0,138.12489168102783,789.0,0.7693282636248415,41.118748880995014,21.489343700292565
114,140.0,49.11269837220809,161.0,0.8695652173913043,16.054839459718323,12.066164842413855
115,354.0,90.84062043356595,423.0,0.8368794326241135,34.28598054830692,14.318217667637144
116,156.0,49.798989873223334,176.0,0.8863636363636364,16.235132247138463,13.057289219415972
117,168.0,53.698484809834994,193.0,0.8704663212435233,20.409505068172905,11.194617001532478
118,427.0,112.91168824543142,598.0,0.7140468227424749,34.791418288544506,20.08455287838538
119,211.0,62.31980515339463,247.0,0.854251012145749,18.95378876367132,15.064176186620251
120,102.0,36.62741699796952,107.0,0.9532710280373832,13.674658222088038,9.642567945743513
121,116.0,41.21320343559643,130.0,0.8923076923076924,13.450919518677559,11.43363181652497
122,2724.0,272.91168824543144,3504.0,0.7773972602739726,103.96921624150221,43.68163732108299
123,141.0,44.04163056034261,154.0,0.9155844155844156,14.790804179930383,12.325620068018385
124,284.0,73.59797974644665,330.0,0.8606060606060606,22.939149960119725,17.26035281187659
125,101.0,41.45584412271571,119.0,0.8487394957983193,15.41221991270644,8.592108259220305
126,274.0,76.42640687119285,328.0,0.8353658536585366,27.708877503378144,13.934300183378385
127,472.0,111.88225099390857,540.0,0.8740740740740741,46.9740571246035,13.448885851732735
128,371.0,99.25483399593904,457.0,0.811816192560175,39.90110658429786,13.27284068899891
129,1002.0,137.5685424949238,1106.0,0.9059674502712477,44.5156835452746,30.036606729462186
130,312.0,79.55634918610404,335.0,0.9313432835820895,36.539348003511776,11.10757328269305
131,120.0,43.21320343559643,134.0,0.8955223880597015,17.02063926100005,9.170911455503287
132,1221.0,173.68124086713186,1420.0,0.8598591549295774,57.33761698786861,28.691470697632987
133,161.0,52.2842712474619,181.0,0.8895027624309392,15.93130713671729,13.52661060991309
134,806.0,143.0893577750951,976.0,0.8258196721311475,38.58381041774454,30.071203869485014
135,571.0,123.1543289325507,699.0,0.8168812589413448,48.68902110501625,17.36294403855434
136,336.0,79.66904755831214,388.0,0.865979381443299,23.976312534316946,19.42125614092001
137,108.0,41.21320343559643,124.0,0.8709677419354839,15.379133808781065,9.11762454320267
138,1420.0,172.75230867899737,1561.0,0.9096732863549007,59.964922331800786,31.636093442912365
139,413.0,88.5685424949238,471.0,0.8768577494692145,26.43135421033228,21.581320765225705
140,283.0,87.49747468305833,351.0,0.8062678062678063,31.51728418849427,12.946275363703336
141,161.0,48.11269837220809,174.0,0.9252873563218391,15.28799733014032,13.709386902708067
142,109.0,41.55634918610404,122.0,0.8934426229508197,17.116064745363364,8.22060396103749
143,10311.0,537.4995667241114,12311.0,0.837543660141337,149.6782288988483,96.76579765180088
144,2340.0,263.8061325481597,2658.0,0.8803611738148984,100.56318577409878,31.409928639573057
145,1371.0,198.65180361560903,1712.0,0.8008177570093458,59.745910246849796,34.99179537824488
146,410.0,85.25483399593904,462.0,0.8874458874458875,26.63200062332207,20.55146162498203
147,184.0,57.698484809834994,212.0,0.8679245283018868,16.759450947958975,14.559353477308338
148,106.0,39.79898987322333,119.0,0.8907563025210085,14.390282098982997,9.66530801982521
149,230.0,61.698484809834994,253.0,0.9090909090909091,21.212610137689023,14.585859191308593
150,203.0,57.8700576850888,224.0,0.90625,21.756247815314136,12.121988731042777
151,141.0,44.384776310850235,155.0,0.9096774193548387,14.842099555982672,12.22298375250532
152,151.0,49.04163056034261,172.0,0.877906976744186,17.251283861014844,11.609351745924512
153,130.0,42.04163056034262,141.0,0.9219858156028369,14.45091237928555,11.615395111469981
154,401.0,90.1543289325507,469.0,0.8550106609808102,28.326643284698303,19.771340343381564
155,388.0,80.2193000900063,428.0,0.9065420560747663,29.845118126317683,16.83035807505698
156,177.0,53.45584412271571,198.0,0.8939393939393939,19.1132208863153,12.08483913577527
157,124.0,46.970562748477136,142.0,0.8732394366197183,20.388158973562483,7.933738182998023
158,550.0,103.74011537017762,607.0,0.9060955518945635,40.70935506749953,17.95577174375609
159,475.0,93.9827560572969,540.0,0.8796296296296297,29.358724086233465,21.969637454676192
160,780.0,120.1543289325507,863.0,0.9038238702201622,34.58697597921522,30.439601030411662
161,393.0,77.59797974644665,422.0,0.9312796208530806,25.069473459496418,20.292714545892913
162,1262.0,155.78174593052023,1423.0,0.8868587491215741,45.91221577056247,36.91011069243604
163,355.0,79.39087296526012,401.0,0.885286783042394,26.96336069115666,17.657748476243846
164,299.0,66.52691193458118,318.0,0.940251572327044,24.53872738599363,15.634567099170283
165,184.0,53.698484809834994,208.0,0.8846153846153846,17.226282979748387,14.179079307682153
166,101.0,42.62741699796952,120.0,0.8416666666666667,15.924010389814027,8.571367447731678
167,387.0,81.25483399593904,429.0,0.9020979020979021,29.46739243291096,17.11009517902187
168,138.0,50.2842712474619,166.0,0.8313253012048193,18.072774386999797,10.3911885909041
169,227.0,59.941125496954285,250.0,0.908,21.758356460093147,13.745755433001007
170,853.0,167.6812408671319,1097.0,0.7775752051048314,46.32949344052757,27.20117131129395
171,679.0,120.22539674441619,777.0,0.8738738738738738,44.67000484122191,20.058041949729553
172,491.0,100.91168824543142,581.0,0.8450946643717728,31.913784280501705,21.41224191247529
173,284.0,69.52691193458118,324.0,0.8765432098765432,24.254264547230633,15.418374981154841
174,261.0,66.04163056034261,286.0,0.9125874125874126,23.799848848228812,14.439473354717315
175,297.0,67.94112549695427,319.0,0.9310344827586207,23.003716946978614,16.997642749235542
176,833.0,125.26093065034891,904.0,0.9214601769911505,41.74964206034825,25.751609471377662
177,2706.0,241.41525958289964,3027.0,0.8939544103072349,62.63007331325488,57.56965154724069
178,917.0,133.29646455628165,1031.0,0.8894277400581959,45.42207959951644,26.408673914610226
179,108.0,38.970562748477136,121.0,0.8925619834710744,14.405151133906836,9.649295557703677
180,548.0,97.35533905932738,604.0,0.9072847682119205,31.27605216872821,23.347333340949625
181,170.0,56.2842712474619,202.0,0.8415841584158416,21.333442310719818,10.95215532683943
182,532.0,94.91168824543142,586.0,0.9078498293515358,29.62379389027767,23.790099905709127
183,159.0,50.04163056034261,181.0,0.8784530386740331,15.811398512421723,13.60282686467336
184,383.0,88.32590180780451,450.0,0.8511111111111112,34.81277636166442,14.766795037988814
185,258.0,70.18376618407356,296.0,0.8716216216216216,26.31185510174981,13.218396357921986
186,122.0,40.62741699796952,135.0,0.9037037037037037,12.995716452182714,12.08446209355846
187,341.0,113.88225099390856,480.0,0.7104166666666667,40.14435771494797,13.378751673858906
188,959.0,134.71067811865476,1044.0,0.9185823754789272,44.791541497068565,30.346879632759556
189,275.0,78.18376618407356,336.0,0.8184523809523809,27.694123827235757,14.888097902712113
190,156.0,51.45584412271571,179.0,0.8715083798882681,19.506211291465743,10.694712996415829
191,475.0,100.08326112068522,543.0,0.8747697974217311,39.28493610004968,16.565717646850683
192,266.0,90.66904755831214,359.0,0.7409470752089137,31.493552946405995,12.838119982645239
193,170.0,58.2842712474619,204.0,0.8333333333333334,20.557646479767783,11.762502217220757
194,142.0,48.2842712474619,166.0,0.8554216867469879,15.902244729039424,12.106655283898093
195,274.0,71.94112549695427,306.0,0.8954248366013072,25.925737167426757,13.850383953128246
196,122.0,41.55634918610404,134.0,0.9104477611940298,13.478140477624235,11.919443538357125
197,196.0,60.526911934581186,231.0,0.8484848484848485,19.351939874816637,14.442612424768502
198,682.0,121.7401153701776,778.0,0.8766066838046273,39.885609834972556,23.19556123959603
199,5679.0,399.048773235279,6257.0,0.9076234617228703,127.782918874824,60.56467188951469
200,156.0,49.45584412271571,176.0,0.8863636363636364,18.47782400653677,11.028502920011155
201,164.0,52.76955262170047,183.0,0.8961748633879781,21.131344283412314,10.225879366758067
202,158.0,50.04163056034261,180.0,0.8777777777777778,17.805313113722296,11.683132309891988
203,169.0,68.35533905932738,221.0,0.7647058823529411,20.53715374778053,13.117334608457814
204,192.0,52.2842712474619,208.0,0.9230769230769231,16.665919651708837,14.955161128687562
205,151.0,49.21320343559643,170.0,0.888235294117647,18.330027823891253,10.755076650824885
206,280.0,77.59797974644667,310.0,0.9032258064516129,30.362360532719336,12.115672158851083
207,303.0,72.76955262170046,332.0,0.9126506024096386,26.854333595306922,15.1570024567635
208,112.0,43.798989873223334,130.0,0.8615384615384616,12.733893328303688,11.834520221227734
209,493.0,107.77564927611036,592.0,0.8327702702702703,34.36685017536003,20.250192562120525
210,1094.0,162.6101730552664,1337.0,0.818249813014211,46.42098483403462,33.351907433877905
211,299.0,72.18376618407356,331.0,0.9033232628398792,26.960544053200096,14.446124083242015
212,112.0,42.62741699796952,127.0,0.8818897637795275,14.829280779084835,9.95848950432334
213,245.0,67.76955262170047,279.0,0.8781362007168458,24.916647653655037,12.79185965573595
214,325.0,77.35533905932738,357.0,0.9103641456582633,30.896778352245597,13.662959857497654
215,236.0,59.94112549695428,261.0,0.9042145593869731,19.80841092457581,15.431299017374663
216,213.0,53.698484809834994,227.0,0.9383259911894273,18.204228282972338,14.997416448775974
217,124.0,44.62741699796952,143.0,0.8671328671328671,14.121479715095857,11.83370035711942
218,1285.0,169.0243866176395,1459.0,0.8807402330363262,51.58728908456279,32.94123407381945
219,125.0,41.79898987322333,138.0,0.9057971014492754,15.14542363168,10.592450850343793
220,651.0,100.42640687119285,699.0,0.9313304721030042,30.598048477058462,27.8283832344942
221,128.0,47.21320343559643,146.0,0.8767123287671232,18.691844980571975,9.01916847454721
222,446.0,93.7401153701776,513.0,0.8693957115009746,25.739223256669955,23.36312664933867
223,654.0,113.9827560572969,726.0,0.9008264462809917,46.0578614704869,18.982264919029426
224,152.0,50.2842712474619,173.0,0.8786127167630058,16.833851800172535,11.781404371783948
225,728.0,113.84062043356595,772.0,0.9430051813471503,45.36523172631876,20.767982284722365
226,233.0,73.59797974644665,292.0,0.797945205479452,25.496739763101267,13.017282649994415
227,301.0,65.94112549695427,319.0,0.9435736677115988,21.941165572894743,17.82290638578306
228,114.0,38.970562748477136,124.0,0.9193548387096774,13.296357232125816,11.007079163511325
229,332.0,95.25483399593904,441.0,0.7528344671201814,31.76396637948527,15.90519105035752
230,149.0,45.798989873223334,160.0,0.93125,17.961635961200425,10.575412172555158
231,272.0,71.11269837220809,320.0,0.85,23.345284592913718,16.863302083876075
232,137.0,50.04163056034261,159.0,0.8616352201257862,18.491513131086425,10.046071423819178
233,298.0,111.63961030678928,461.0,0.6464208242950108,37.559623739887634,14.947559078570444
234,536.0,104.08326112068522,593.0,0.9038785834738617,32.81362290514516,21.715184381056222
235,3932.0,368.5340546095176,4976.0,0.7901929260450161,113.02774813144148,51.36355590544383
236,390.0,90.18376618407356,466.0,0.8369098712446352,24.86076076421808,21.959145848310342
237,381.0,81.84062043356595,418.0,0.9114832535885168,31.329696895698216,16.19516110451175
238,268.0,75.59797974644665,317.0,0.8454258675078864,29.785137335502416,12.36321795381248
239,4300.0,423.30360723121805,5940.0,0.7239057239057239,132.1636955666683,51.667449358513515
240,120.0,42.62741699796952,134.0,0.8955223880597015,15.85930042008685,9.936706986773263
241,165.0,49.21320343559643,180.0,0.9166666666666666,17.842725297726545,12.147020276935047
242,904.0,175.6812408671319,1188.0,0.7609427609427609,56.01354198301908,24.137532161887563
243,1536.0,166.8528137423857,1670.0,0.9197604790419162,52.65616434808372,38.25230810392192
244,407.0,92.42640687119285,478.0,0.8514644351464435,32.295533781802796,17.79364438966703
245,110.0,40.8700576850888,123.0,0.8943089430894309,12.226747331618894,12.019084209120937
246,116.0,41.21320343559643,130.0,0.8923076923076924,14.046789300500953,10.708235487500927
247,107.0,36.97056274847714,116.0,0.9224137931034483,12.822475205877536,10.682969451137211
248,102.0,36.970562748477136,114.0,0.8947368421052632,12.322056615228783,10.602498761098417
249,104.0,38.14213562373095,114.0,0.9122807017543859,14.868897157197537,8.89910129381382
250,217.0,60.284271247461895,240.0,0.9041666666666667,19.607590491690644,14.444242927112617
251,132.0,47.11269837220809,146.0,0.9041095890410958,19.84509893215145,8.565062432373644
252,197.0,58.04163056034261,215.0,0.9162790697674419,24.230309955046852,10.461347307504534
253,241.0,68.76955262170047,287.0,0.8397212543554007,27.510391974798335,11.966840071797243
254,5704.0,405.58787847867995,6311.0,0.9038187292029789,158.2230553786878,47.46605277039571
255,358.0,79.59797974644665,392.0,0.9132653061224489,29.976286873490785,15.876101777931916
256,292.0,74.11269837220809,330.0,0.8848484848484849,26.10634416886985,14.903240266961207
257,431.0,84.66904755831214,480.0,0.8979166666666667,26.61535568765802,22.060875177748233
258,302.0,67.94112549695429,324.0,0.9320987654320988,21.679169293973676,18.41429821334218
259,189.0,56.384776310850235,203.0,0.9310344827586207,23.545991826402883,10.352575045718305
260,281.0,82.84062043356595,361.0,0.778393351800554,31.29268615090419,12.94660050370207
261,110.0,42.04163056034261,124.0,0.8870967741935484,16.799742317855547,8.464806883462531
262,203.0,54.526911934581186,220.0,0.9227272727272727,19.438115024018337,13.56962736552407
263,2720.0,307.45079348883235,3460.0,0.7861271676300579,108.76119289830598,38.51651122438304
264,164.0,52.52691193458118,187.0,0.8770053475935828,17.36962471942148,12.669289255108325
265,306.0,83.01219330881975,365.0,0.8383561643835616,27.66257177073907,15.819379064382291
266,1319.0,187.68124086713192,1511.0,0.8729318332230311,62.885071500704235,28.416525574206165
267,151.0,48.384776310850235,170.0,0.888235294117647,16.019492136042096,12.44927649948306
268,224.0,59.941125496954285,249.0,0.8995983935742972,21.240408382480563,14.193374360068194
269,325.0,78.59797974644665,365.0,0.8904109589041096,25.290094607425445,17.149452074729577
270,190.0,61.4558441227157,222.0,0.8558558558558559,25.33033479751704,10.687122262751268
271,210.0,59.11269837220809,235.0,0.8936170212765957,20.952259063407443,13.10863838201983
272,202.0,62.526911934581186,229.0,0.8820960698689956,23.774596682516044,11.33404356639649
273,225.0,63.01219330881976,255.0,0.8823529411764706,20.456682185991852,14.784061015639889
274,135.0,45.798989873223334,150.0,0.9,17.05453746223234,10.381598826720799
275,350.0,73.84062043356595,383.0,0.9138381201044387,22.690282868735256,20.239970407890656
276,278.0,75.01219330881975,326.0,0.852760736196319,25.16408288073998,15.341804717932403
277,136.0,46.2842712474619,154.0,0.8831168831168831,17.79262849189457,10.088846717877448
278,112.0,41.21320343559643,126.0,0.8888888888888888,13.28657081600293,11.060718101955727
279,112.0,42.42031021678297,127.0,0.8818897637795275,14.264010303751139,10.608754079330236
280,2620.0,270.0071426749364,3034.0,0.8635464733025708,73.67524628246244,47.762628318132926
281,107.0,38.384776310850235,119.0,0.8991596638655462,14.08353794576739,9.72386758549557
282,185.0,55.04163056034261,205.0,0.9024390243902439,19.55699286073645,12.392037707460835
283,270.0,70.76955262170047,315.0,0.8571428571428571,22.93885010566534,16.3989558786338
284,165.0,49.21320343559643,181.0,0.9116022099447514,16.797245841099425,13.014873440968618
285,179.0,53.45584412271571,202.0,0.8861386138613861,18.61058543660239,13.137359421707359
286,178.0,65.35533905932738,232.0,0.7672413793103449,22.516293239217188,12.869225617896161
287,429.0,80.42640687119285,457.0,0.9387308533916849,26.915563190763702,20.756431944131553
288,281.0,68.18376618407356,314.0,0.8949044585987261,20.881091402613812,18.010319473991025
289,1323.0,195.58073580374355,1544.0,0.8568652849740933,57.61351367095597,32.227525956674654
290,181.0,56.526911934581186,205.0,0.8829268292682927,20.276558835909015,11.862721846971434
291,144.0,44.87005768508881,158.0,0.9113924050632911,14.980872482119066,12.434184874837927
292,112.0,42.62741699796952,132.0,0.8484848484848485,14.337034431841499,10.379493363151285
293,569.0,105.9827560572969,644.0,0.8835403726708074,37.63228599885962,19.98250425602197
294,257.0,65.94112549695427,282.0,0.9113475177304965,26.213153770121487,12.814687150056654
295,170.0,57.35533905932738,203.0,0.8374384236453202,18.427279000833973,13.214596537004224
296,105.0,36.970562748477136,116.0,0.9051724137931034,12.250568843286416,10.951036282880324
297,251.0,76.59797974644665,294.0,0.8537414965986394,26.20651829550749,13.356412139878877
298,123.0,41.45584412271571,136.0,0.9044117647058824,14.023673709272227,11.309895904472446
299,162.0,48.04163056034261,177.0,0.9152542372881356,14.827815061044564,14.28394337890452
300,224.0,57.11269837220809,245.0,0.9142857142857143,19.658667609192758,14.587890808456129
301,888.0,139.29646455628165,1023.0,0.8680351906158358,38.407671252440934,31.21484640187151
302,392.0,86.91168824543142,442.0,0.8868778280542986,32.20891210594428,16.138282592689922
303,121.0,40.384776310850235,133.0,0.9097744360902256,13.944217405212031,11.088440577107198
304,105.0,37.798989873223334,117.0,0.8974358974358975,13.038800575416241,10.362343377834412
305,338.0,81.01219330881975,373.0,0.9061662198391421,33.2654452095658,13.410366928287901
306,207.0,58.870057685088796,217.0,0.9539170506912442,21.00628921039352,13.49034389677638
307,271.0,62.2842712474619,293.0,0.9249146757679181,19.83889018764088,17.700032878234843
308,215.0,63.11269837220809,248.0,0.8669354838709677,20.555529744695622,14.432401390445136
309,252.0,60.18376618407357,269.0,0.9368029739776952,20.458155213695605,15.860543993630271
310,1074.0,146.6812408671319,1197.0,0.8972431077694235,39.6216711542914,36.16060842460403
311,2732.0,316.14927829866735,3602.0,0.7584675180455303,99.58397521872882,39.270975670675924
312,1495.0,193.06601717798213,1751.0,0.8537978298115363,56.308125786070995,38.96840972879514
313,121.0,45.798989873223334,137.0,0.8832116788321168,18.265542872033535,8.722616244997202
314,441.0,87.49747468305833,473.0,0.9323467230443975,33.45929836559783,17.25703126343092
315,136.0,45.4558441227157,154.0,0.8831168831168831,17.341060067832494,10.229143981237005
316,467.0,104.32590180780451,578.0,0.8079584775086506,33.59803858224836,20.07229794803714
317,137.0,46.04163056034261,156.0,0.8782051282051282,14.894864857304746,12.131514188476109
318,141.0,53.11269837220809,169.0,0.834319526627219,18.39740510976436,10.782406867782136
319,137.0,49.4558441227157,165.0,0.8303030303030303,17.20329354203978,11.072057635651033
320,145.0,46.384776310850235,160.0,0.90625,17.31504509643986,10.866230641844565
321,248.0,69.14823227814082,285.0,0.8701754385964913,23.011508132380403,14.719052764530911
322,161.0,65.94112549695427,206.0,0.7815533980582524,26.438812841818276,8.873940711667212
323,136.0,44.62741699796952,149.0,0.912751677852349,16.2566205666503,10.715451631588726
324,120.0,52.87005768508881,154.0,0.7792207792207793,20.212834338003294,8.79628679374248
325,102.0,39.21320343559643,116.0,0.8793103448275862,14.327704197860063,9.32077415796677
326,246.0,74.2193000900063,300.0,0.82,23.75115459585619,14.494511539300191
327,266.0,69.01219330881975,303.0,0.8778877887788779,19.77323954271926,18.73118262470724
328,147.0,45.45584412271571,158.0,0.930379746835443,16.151043469292247,11.691671628869377
329,137.0,48.04163056034262,156.0,0.8782051282051282,19.837143875986662,9.115078968888987
330,476.0,101.49747468305833,538.0,0.8847583643122676,38.75178265194216,16.27023566550559
331,129.0,43.45584412271571,140.0,0.9214285714285714,16.530612385419403,10.039203462481263
332,118.0,41.798989873223334,133.0,0.8872180451127819,15.320176202317583,10.03450170158526
333,447.0,102.95331880577405,487.0,0.917864476386037,44.913279460368855,12.990912442984369
334,276.0,84.5269119345812,327.0,0.8440366972477065,38.56179031945711,9.637369795041275
335,1383.0,200.30256121069152,1759.0,0.786242183058556,58.346718373657964,34.85328037631544
336,143.0,48.04163056034261,159.0,0.89937106918239,18.229641785239014,10.163992502401332
337,135.0,44.8700576850888,152.0,0.8881578947368421,14.570925734339196,12.051703989916044
338,106.0,39.45584412271571,118.0,0.8983050847457628,13.112713210065527,10.583466372533167
339,232.0,77.84062043356595,304.0,0.7631578947368421,26.682653821183226,13.303543171687958
340,132.0,43.21320343559643,144.0,0.9166666666666666,14.885439175744532,11.327879496927427
341,185.0,59.35533905932738,212.0,0.8726415094339622,24.27108268381567,10.002971530433122
342,163.0,53.248737341529164,185.0,0.8810810810810811,18.810061822570677,11.434434507738983
343,216.0,58.2842712474619,236.0,0.9152542372881356,22.3638423299705,12.428762026573537
344,105.0,43.45584412271571,120.0,0.875,18.294636844346904,7.416067294508907
345,2105.0,216.10764773832474,2315.0,0.9092872570194385,84.65506209242831,32.464975514325666
346,718.0,127.5685424949238,857.0,0.8378063010501751,42.85813085957669,22.533003873817947
347,336.0,76.76955262170047,374.0,0.8983957219251337,27.92541867452199,16.055995758256984
348,24320.0,875.4356415871823,27601.0,0.8811274953806022,286.56129222522355,113.02015519858074
349,362.0,73.698484809835,392.0,0.923469387755102,24.06122546950657,19.589264310433567
350,1241.0,197.9655121145938,1486.0,0.8351278600269179,57.706703567428995,30.86072594818153
351,123.0,46.62741699796952,146.0,0.8424657534246576,18.170525819882055,9.188560907560129
352,108.0,38.970562748477136,119.0,0.907563025210084,13.944313419762443,10.050518064999926
353,312.0,68.76955262170047,337.0,0.9258160237388724,23.680308654605838,17.010730180093503
354,166.0,59.94112549695428,204.0,0.8137254901960784,24.272434573023276,9.526077228449152
355,258.0,62.76955262170047,281.0,0.9181494661921709,23.36892707781302,14.416248718056153
356,182.0,54.4558441227157,205.0,0.8878048780487805,18.988993619274712,13.175716314024223
357,957.0,157.19595949289334,1170.0,0.8179487179487179,54.91238878640425,23.957806667857984
358,127.0,44.698484809834994,141.0,0.900709219858156,16.934327264465484,9.877642673153868
359,230.0,65.01219330881976,255.0,0.9019607843137255,25.450727585560966,11.787676286973339
360,1168.0,169.8233764908628,1322.0,0.8835098335854765,59.27173544101116,26.612724934148552
361,349.0,85.84062043356595,397.0,0.8790931989924433,30.026327337340437,15.491341358666478
362,217.0,59.698484809834994,242.0,0.8966942148760331,21.95456349771118,12.986661938573087
363,158.0,48.04163056034262,175.0,0.9028571428571428,17.344112693619195,11.709273562002336
364,421.0,108.81118318204308,548.0,0.7682481751824818,35.82121013447263,18.465237180846785
365,345.0,76.66904755831213,377.0,0.9151193633952255,27.885935772820723,16.107523373924348
366,183.0,55.4558441227157,211.0,0.8672985781990521,19.265349197173514,12.671039407152723
367,152.0,53.970562748477136,164.0,0.926829268292683,21.809596542217246,9.94253307963653
368,201.0,57.526911934581186,228.0,0.881578947368421,18.969978642552494,14.322978291466267
369,166.0,53.87005768508881,188.0,0.8829787234042553,18.47974432449689,11.78505388400412
370,151.0,49.21320343559643,168.0,0.8988095238095238,16.98762707334037,11.660270416296473
371,246.0,72.18376618407356,282.0,0.8723404255319149,27.178156823278922,12.191497403013035
372,140.0,46.04163056034261,156.0,0.8974358974358975,15.18839737251217,12.283551867402002
373,474.0,94.32590180780451,527.0,0.8994307400379506,32.19584556121728,19.253321687859895
374,205.0,57.698484809834994,235.0,0.8723404255319149,20.584117359251803,13.189522349578517
375,189.0,58.73401871576773,218.0,0.8669724770642202,19.578398785119663,12.840025357459108
376,233.0,61.01219330881976,261.0,0.89272030651341,21.06936364884655,14.747112810178852
377,308.0,75.35533905932738,328.0,0.9390243902439024,31.66705901561882,12.482068273587089
378,144.0,49.21320343559643,159.0,0.9056603773584906,19.637456253084103,9.403297795936936
379,417.0,89.25483399593904,474.0,0.879746835443038,31.31921259236477,18.000548180279015
380,100.0,37.55634918610404,109.0,0.9174311926605505,14.356007062874095,8.90524908190159
381,184.0,58.2842712474619,213.0,0.863849765258216,21.103176351376806,11.996829009983808
382,1017.0,195.58073580374355,1329.0,0.7652370203160271,51.897689584981286,30.537555734174383
383,156.0,48.87005768508881,171.0,0.9122807017543859,18.39472416737435,11.013514523616033
384,277.0,61.94112549695428,291.0,0.9518900343642611,19.16659002823897,18.816382736936827
385,903.0,171.92388155425118,1215.0,0.7432098765432099,58.55944436774595,23.68776371405632
386,1062.0,158.0243866176395,1203.0,0.8827930174563591,53.34313666271309,26.692445906984787
387,175.0,51.698484809834994,191.0,0.9162303664921466,18.717214668124278,12.368240333406535
388,105.0,41.21320343559643,122.0,0.860655737704918,16.024717515639185,8.620015334767741
389,353.0,78.5269119345812,398.0,0.8869346733668342,25.558370772746148,18.677093028947933
390,12311.0,590.541197284454,14090.0,0.8737402413058907,178.78370789757517,93.84712777828773
391,253.0,63.11269837220809,266.0,0.9511278195488722,23.1782377111565,14.419691700294518
392,195.0,73.01219330881976,243.0,0.8024691358024691,22.25822075132423,13.562146562149442
393,127.0,47.45584412271571,148.0,0.8581081081081081,17.70020151887819,9.87615835547292
394,100.0,39.21320343559643,113.0,0.8849557522123894,13.832548722028106,9.439989187108141
395,151.0,48.04163056034261,165.0,0.9151515151515152,18.022199762699124,10.887583180162427
396,309.0,85.49747468305833,355.0,0.8704225352112676,35.82597066299176,11.494872246808004
397,103.0,41.21320343559643,119.0,0.865546218487395,16.194513035142144,8.268082032062344
398,194.0,57.45584412271571,218.0,0.8899082568807339,23.71229948444799,10.758125706619085
399,408.0,84.08326112068522,450.0,0.9066666666666666,29.51385417725221,18.383738014032907
400,3671.0,376.6467529817257,4833.0,0.7595696254914132,112.99274756144797,49.43665898460309
401,1264.0,176.99494936611666,1492.0,0.8471849865951743,56.242308896440804,31.074382744994864
402,326.0,79.69848480983498,363.0,0.8980716253443526,32.32866366049287,13.290106713870964
403,133.0,46.2842712474619,154.0,0.8636363636363636,16.122551645661645,10.972117918781974
404,1332.0,212.79393923933998,1668.0,0.7985611510791367,70.41846734187362,26.28440906690362
405,188.0,62.52691193458118,222.0,0.8468468468468469,24.64179087305076,10.48156356227793
406,123.0,45.21320343559643,140.0,0.8785714285714286,17.38368903282212,9.195835311318577
407,102.0,38.21320343559643,114.0,0.8947368421052632,12.758821213275578,10.35416035091905
408,110.0,38.62741699796952,122.0,0.9016393442622951,13.424704487988837,10.512587668733946
409,346.0,91.39696961966999,406.0,0.8522167487684729,39.041622638347015,12.70108424181066
410,128.0,46.384776310850235,149.0,0.8590604026845637,18.79947581355307,8.88597594587298
411,191.0,55.79898987322333,202.0,0.9455445544554455,23.03596908543981,10.639556520026314
412,161.0,51.90559159102154,183.0,0.8797814207650273,15.311534240594773,14.287022492841425
413,202.0,59.94112549695428,227.0,0.8898678414096917,24.224701315849554,10.93747276230144
414,4535.0,403.4102089490163,5506.0,0.8236469306211406,131.83969160569688,48.90665952816489
415,137.0,45.698484809834994,152.0,0.9013157894736842,17.22885158810883,10.19049023082245
416,271.0,75.11269837220809,311.0,0.8713826366559485,31.27407251825337,11.904134829167969
417,109.0,39.21320343559643,122.0,0.8934426229508197,13.898495645941901,10.041278489702911
418,1420.0,168.78174593052023,1556.0,0.9125964010282777,62.459338260511295,29.58620593142517
419,111.0,46.2842712474619,131.0,0.8473282442748091,18.097744052586094,8.212003648877973
420,1574.0,216.37972567696687,1973.0,0.7977698935631019,57.93650808395459,38.25524024492722
421,108.0,40.55634918610404,124.0,0.8709677419354839,14.286007085486979,9.852296782798996
422,397.0,84.32590180780451,437.0,0.9084668192219679,28.214930665831712,18.78562178274014
423,389.0,79.59797974644667,427.0,0.9110070257611241,26.895008321827454,19.23047107509414
424,170.0,68.9350288425444,193.0,0.8808290155440415,33.6161430342616,7.089388250756328
425,118.0,41.55634918610404,132.0,0.8939393939393939,13.569891295025544,11.415249492148325
426,305.0,70.59797974644667,335.0,0.9104477611940298,25.263165805706137,15.785561963627735
427,3196.0,258.97770542341357,3461.0,0.9234325339497255,93.955428853496,44.94094042463802
428,161.0,50.8700576850888,183.0,0.8797814207650273,18.677185061734903,11.39102300315163
429,1054.0,164.2670273047588,1245.0,0.8465863453815261,54.98640355744126,25.846837299404843
430,455.0,89.35533905932738,500.0,0.91,33.00170592122829,17.968719117967243
431,119.0,44.62741699796952,139.0,0.8561151079136691,15.934916636824308,9.912008440976447
432,247.0,60.2842712474619,267.0,0.9250936329588015,21.347189031742268,15.133011549699548
433,149.0,53.21320343559643,170.0,0.8764705882352941,23.012765091223745,8.369574440711453
434,432.0,85.59797974644667,473.0,0.9133192389006343,29.41004675677188,19.42029206085291
435,445.0,89.1543289325507,490.0,0.9081632653061225,30.30287522129187,19.380899176275385
436,870.0,139.46803743153546,1032.0,0.8430232558139535,46.2662707686727,26.61091119254324
437,552.0,103.7401153701776,607.0,0.9093904448105437,35.97628102653226,20.090677373886752
438,112.0,42.04163056034261,127.0,0.8818897637795275,15.278942260212961,9.774842497864508
439,227.0,57.11269837220809,245.0,0.926530612244898,21.54295640461011,13.595056354601617
440,1736.0,232.8944443027283,2034.0,0.8534906588003933,88.45244685776782,27.806171597799963
441,112.0,40.62741699796952,124.0,0.9032258064516129,15.089262394113465,9.636525815321013
442,133.0,44.8700576850888,148.0,0.8986486486486487,16.515223562126348,10.506401931222983
443,157.0,48.04163056034261,171.0,0.9181286549707602,17.681345199762795,11.440880423129844
444,641.0,124.22539674441617,731.0,0.8768809849521204,46.17356781023365,18.769053389632386
445,253.0,79.25483399593904,321.0,0.7881619937694704,20.473055330995695,19.553306564350255
446,4482.0,356.747258045114,5088.0,0.8808962264150944,113.98554686277483,52.29147538974066
447,126.0,45.798989873223334,145.0,0.8689655172413793,17.783153637206247,9.439644558790032
448,2412.0,282.048773235279,3100.0,0.7780645161290323,78.51622522632566,46.66041922639517
449,4039.0,248.20815280171308,4188.0,0.9644221585482331,81.50305403910808,63.33684490573228
450,203.0,57.698484809834994,220.0,0.9227272727272727,23.237723608688025,11.234661621895597
451,2300.0,276.2253967444162,2543.0,0.9044435705859222,115.14821097336959,27.558119734818106
452,147.0,48.077164466275356,163.0,0.901840490797546,17.489867075273274,11.044102382205612
453,111.0,40.38477631085023,125.0,0.888,14.362475348771138,10.020802638815814
454,1631.0,207.7228714274745,1927.0,0.8463933575505967,64.36935755340463,35.95371126158191
455,654.0,120.46803743153546,729.0,0.897119341563786,43.74299384173518,19.767214444134012
456,646.0,115.01219330881975,718.0,0.8997214484679665,34.727282368619576,25.623274222570213
457,103.0,39.21320343559643,115.0,0.8956521739130435,14.062212882583642,9.444334022034568
458,207.0,55.45584412271571,228.0,0.9078947368421053,17.803299062683358,15.128523505530074
459,148.0,49.11269837220809,163.0,0.9079754601226994,20.030903436147536,9.531632791652386
460,236.0,65.698484809835,270.0,0.8740740740740741,24.637321804116237,12.619008486495279
461,227.0,68.2842712474619,268.0,0.8470149253731343,25.083770293723497,12.77104547913713
462,383.0,83.59797974644665,426.0,0.8990610328638498,32.53914870063854,15.972715935056607
463,329.0,71.35533905932738,354.0,0.9293785310734464,24.50729221486017,17.86941891411475
464,177.0,52.2842712474619,195.0,0.9076923076923077,16.839896045195378,14.002594829237891
465,121.0,44.384776310850235,139.0,0.8705035971223022,14.408633541560674,11.063028358074353
466,6078.0,391.048773235279,6935.0,0.8764239365537131,144.33564852863063,59.44773321012988
467,423.0,94.66904755831213,486.0,0.8703703703703703,36.30427435378532,16.518007404266072
468,928.0,156.40306627407986,1133.0,0.8190644307149162,47.071457874251855,29.530886242487366
469,142.0,57.112698372208094,171.0,0.8304093567251462,23.406849201240824,8.036935517325604
470,696.0,125.05382386916236,825.0,0.8436363636363636,41.94730161681197,22.799104539841764
471,138.0,46.04163056034261,152.0,0.9078947368421053,17.303688520845785,10.318317778785925
472,135.0,44.8700576850888,149.0,0.9060402684563759,15.80462599414612,11.164431208462005
473,152.0,46.62741699796952,166.0,0.9156626506024096,17.217365586961463,11.278518587327566
474,113.0,41.45584412271571,126.0,0.8968253968253969,16.14347592476343,9.080835088845943
475,186.0,55.45584412271571,208.0,0.8942307692307693,20.435248634469968,11.84135557814922
476,2793.0,285.80003589374985,3465.0,0.806060606060606,83.58450111908475,50.09737126126073
477,303.0,71.94112549695427,338.0,0.8964497041420119,22.317117266051177,17.95989320192589
478,388.0,77.11269837220809,410.0,0.9463414634146341,27.821243195254787,17.97362594765629
479,354.0,73.94112549695427,379.0,0.9340369393139841,26.543730130329273,17.374356386216114
480,522.0,101.49747468305833,594.0,0.8787878787878788,34.20230543643003,20.29259085769363
481,402.0,87.01219330881975,455.0,0.8835164835164835,25.082526750367432,22.319776288319364
482,352.0,78.18376618407356,379.0,0.9287598944591029,30.013373709311978,15.41014533903897
483,199.0,55.87005768508881,220.0,0.9045454545454545,19.62165921733667,13.565551991298555
484,145.0,47.62741699796952,165.0,0.8787878787878788,15.13034755650583,13.042794382967378
485,470.0,96.18376618407356,543.0,0.8655616942909761,31.565728856528924,19.797687912516512
486,1175.0,164.50966799187808,1328.0,0.884789156626506,52.88527583402178,29.54189002167408
487,5252.0,464.0315292925759,6390.0,0.8219092331768388,156.72794803029444,48.47248084940433
488,189.0,56.2842712474619,215.0,0.8790697674418605,18.309218189975212,13.987027945944805
489,379.0,83.76955262170047,435.0,0.871264367816092,26.142865092649355,19.588505192929755
490,113.0,44.2842712474619,133.0,0.849624060150376,15.725489252469801,10.061962721483209
491,265.0,68.14823227814082,296.0,0.8952702702702703,23.174768554774115,15.693008260720108
492,250.0,66.8700576850888,275.0,0.9090909090909091,27.012692088798413,12.281330307249593
493,234.0,63.21320343559643,254.0,0.9212598425196851,26.40400129313773,11.417096094600792
494,943.0,152.16042558696057,1119.0,0.8427167113494192,48.549559619511925,27.859223763169204
495,5730.0,403.13203435596427,6207.0,0.9231512808119865,159.99735352674196,46.28276127845232
496,218.0,55.21320343559643,232.0,0.9396551724137931,18.29834762065758,15.358550083515642
497,146.0,51.4558441227157,164.0,0.8902439024390244,21.70729007901068,8.627319256483338
498,108.0,41.45584412271571,125.0,0.864,13.282756829405908,10.922180303784321
499,5061.0,449.48127676088177,6510.0,0.7774193548387097,165.04530990154166,44.55174627615883
500,612.0,111.49747468305833,688.0,0.8895348837209303,35.27312462426213,23.36131453684029
501,160.0,63.698484809834994,195.0,0.8205128205128205,27.665538503325415,7.913744645932096
502,783.0,127.9827560572969,915.0,0.8557377049180328,43.9483591829517,26.790462981422106
503,194.0,54.62741699796952,215.0,0.9023255813953488,17.552550476331554,14.944621287777595
504,146.0,45.798989873223334,160.0,0.9125,15.035008865982986,12.76759068800645
505,116.0,42.97056274847714,130.0,0.8923076923076924,17.145373353201883,8.806441617283628
506,883.0,136.22539674441617,1017.0,0.8682399213372665,40.13785274603277,29.96466951259297
507,339.0,74.18376618407356,372.0,0.9112903225806451,23.225449370307384,19.313300048425287
508,3344.0,292.04267658086917,3732.0,0.8960342979635584,105.73378852565472,41.69619099855805
509,541.0,110.46803743153546,629.0,0.8600953895071543,36.42886965094451,20.8627634925083
510,157.0,48.62741699796952,174.0,0.9022988505747126,17.5943818916234,11.521050914027494
511,133.0,47.04163056034261,152.0,0.875,15.861740441284217,11.17649233647373
512,513.0,89.84062043356595,550.0,0.9327272727272727,27.97620761724626,23.86811842530421
513,7662.0,548.98484809835,10646.0,0.7197069321811009,137.98975537331972,87.89703758181332
514,171.0,50.04163056034262,183.0,0.9344262295081968,18.89304758070685,11.577000181512798
515,2221.0,282.2497833620557,2851.0,0.7790249035426167,72.61198563027021,47.826213568850754
516,333.0,71.35533905932738,346.0,0.9624277456647399,27.384251621750753,15.60140878900422
517,1120.0,166.16042558696057,1341.0,0.8351976137211037,41.686263551319364,37.58835031082273
518,1872.0,221.8944443027283,2195.0,0.8528473804100227,63.06595340046821,40.66271567833976
519,164.0,50.2842712474619,182.0,0.9010989010989011,16.885314226726663,12.723051930914318
520,7016.0,413.4274528917193,7730.0,0.9076326002587322,113.5426766835393,86.13947479643105
521,280.0,77.84062043356595,343.0,0.8163265306122449,28.315342115434813,14.452532186442955
522,106.0,39.21320343559643,119.0,0.8907563025210085,13.05846996269175,10.570267036207996
523,1683.0,186.75230867899737,1941.0,0.8670788253477589,53.53496284156529,43.782750024097155
524,246.0,65.11269837220809,277.0,0.8880866425992779,20.688010346784598,15.907871081169752
525,139.0,51.941125496954285,165.0,0.8424242424242424,18.05978925405257,10.895583478593434
526,1030.0,142.78174593052023,1136.0,0.9066901408450704,42.65720572347427,32.064396722279284
527,291.0,66.52691193458118,315.0,0.9238095238095239,23.46170962717954,16.177855301861392
528,526.0,98.66904755831213,587.0,0.8960817717206133,34.81392970161362,20.197097663322076
529,1812.0,220.3086578651014,2166.0,0.8365650969529086,83.94221209850033,29.390817852387947
530,132.0,43.798989873223334,147.0,0.8979591836734694,15.005118669907317,11.526101035051987
531,114.0,40.62741699796952,127.0,0.8976377952755905,14.789557135772549,10.098300783095459
532,207.0,61.35533905932737,229.0,0.9039301310043668,21.55026914123526,13.066431965093534
533,119.0,42.384776310850235,134.0,0.8880597014925373,15.407332174258308,10.059951939850905
534,3756.0,297.56349186104046,4249.0,0.8839726994586962,96.67050087126451,51.05798274881606
535,293.0,74.76955262170046,330.0,0.8878787878787879,26.65691170814839,14.501583281484223
536,331.0,92.49747468305833,395.0,0.8379746835443038,33.5294220208651,14.054150116455423
537,102.0,38.62741699796952,114.0,0.8947368421052632,14.558817562373799,9.139068277383245
538,678.0,128.1543289325507,796.0,0.8517587939698492,38.43688174139087,24.101081746485114
539,1162.0,188.65180361560903,1601.0,0.7257963772642099,58.56217969707479,28.64546398060717
540,298.0,73.94112549695427,348.0,0.8563218390804598,21.885999251685575,18.700877630533345
541,294.0,71.01219330881975,312.0,0.9423076923076923,28.128399629177967,13.635196782106826
542,106.0,38.62741699796952,118.0,0.8983050847457628,12.708607934885375,10.964293933470596
543,1147.0,146.61017305526642,1239.0,0.9257465698143664,50.355024685063704,29.74916839172184
544,186.0,52.45584412271571,204.0,0.9117647058823529,17.62670997163501,13.840325734798572
545,115.0,41.21320343559643,129.0,0.8914728682170543,13.492655071136173,11.232836441383224
546,122.0,46.8700576850888,144.0,0.8472222222222222,18.32602901183374,8.932590190444468
547,316.0,70.52691193458118,342.0,0.9239766081871345,22.19522773732135,18.501548386644355
548,2591.0,248.90663761154806,2883.0,0.8987166146375304,87.85619947724155,38.93588976307903
549,306.0,82.18376618407356,362.0,0.8453038674033149,33.95755262866546,12.111084757785664
550,375.0,93.84062043356595,466.0,0.8047210300429185,29.397125191869904,19.704655361055472
551,157.0,50.04163056034261,182.0,0.8626373626373627,16.551124719432448,12.75246980585333
552,648.0,104.8111831820431,703.0,0.9217638691322901,32.91541048927206,25.79942465643689
553,554.0,100.32590180780451,608.0,0.9111842105263158,37.83988929965953,19.27783068840126
554,2.0,0.0,2.0,1.0,2.0,0.0
555,237.0,63.49137802864844,275.0,0.8618181818181818,18.74100295786072,17.092422451744117
557,183.0,55.698484809834994,211.0,0.8672985781990521,15.844008503686888,15.63880685094864
559,326.0,76.5269119345812,358.0,0.9106145251396648,29.56500798405928,14.47305558159964
561,2842.0,300.32085117392114,3328.0,0.8539663461538461,87.69102181765953,45.45540230754828
562,9.0,8.207106781186548,13.0,0.6923076923076923,6.52140421961107,2.1174590157666033
563,1683.0,218.3086578651014,1992.0,0.8448795180722891,67.23336260318635,36.897109081976915
564,158.0,50.2842712474619,176.0,0.8977272727272727,20.518035881023557,10.093511510634611
565,210.0,57.526911934581186,234.0,0.8974358974358975,21.258292669940076,13.114576353835378
566,629.0,110.98275605729688,710.0,0.8859154929577465,39.42567630839939,20.98409173326396
567,814.0,140.0243866176395,950.0,0.8568421052631578,43.148845643581446,27.393101075704813
568,227.0,68.94112549695429,287.0,0.7909407665505227,24.982481079963158,13.19194886027552
569,6.0,4.0,6.0,1.0,6.831300510639732,0.0
570,315.0,73.45584412271572,342.0,0.9210526315789473,28.342773750066964,14.52120717556081
571,143.0,49.4558441227157,167.0,0.8562874251497006,19.319601666478217,9.96444341792907
572,21.0,20.414213562373096,37.0,0.5675675675675675,16.267515049710493,2.2382308780489466
573,320.0,77.01219330881975,374.0,0.8556149732620321,26.473203623874145,16.588035669991093
574,463.0,81.59797974644667,484.0,0.9566115702479339,28.465575012024047,20.881772213498216
575,1716.0,198.75230867899734,1944.0,0.8827160493827161,62.03578144789885,38.833769301007486
576,278.0,72.97665940288702,311.0,0.8938906752411575,27.042260991665906,13.451945006557699
577,305.0,74.42640687119285,333.0,0.9159159159159159,28.492876550389916,13.873043038899803
579,476.0,83.35533905932738,501.0,0.9500998003992016,26.599054876827463,23.40348332158742
580,159.0,49.45584412271572,175.0,0.9085714285714286,16.046936700026812,13.042012802094964
581,429.0,101.1543289325507,533.0,0.8048780487804879,33.62310612229699,18.199058250880196
582,699.0,137.1959594928933,833.0,0.8391356542617047,46.61569294441966,20.453801588727977
584,155.0,52.31980515339464,180.0,0.8611111111111112,18.399764353058604,11.236154553514158
585,194.0,58.52691193458118,221.0,0.8778280542986425,21.98724763233085,12.182679281252346
586,529.0,93.84062043356593,574.0,0.921602787456446,34.786326290386356,20.089848688674866
587,542.0,103.29036790187178,628.0,0.8630573248407644,31.95178009404307,22.481069317358067
588,1089.0,159.19595949289334,1297.0,0.8396299151888974,58.58368654672124,25.55031292490867
589,113.0,41.55634918610404,124.0,0.9112903225806451,16.875025035686317,8.615710984758879
590,749.0,135.1543289325507,870.0,0.860919540229885,56.040489209758825,17.826879299990697
591,927.0,127.63961030678927,1004.0,0.9233067729083665,37.80495506878029,32.897460426046635
592,643.0,129.12489168102783,752.0,0.8550531914893617,48.446314369865036,17.983322767454986
593,380.0,95.49747468305833,480.0,0.7916666666666666,29.605131984095582,19.038261070302926
594,122.0,40.62741699796952,131.0,0.9312977099236641,13.844681749368235,11.36869033640075
595,1131.0,152.1959594928933,1236.0,0.9150485436893204,54.76892672401372,27.267183082637032
596,203.0,56.8700576850888,225.0,0.9022222222222223,20.576480811392443,12.811315471493966
598,440.0,85.94112549695427,468.0,0.9401709401709402,30.27764437236798,19.231640252396666
599,587.0,116.1543289325507,707.0,0.8302687411598303,41.133369505886876,20.06400782777688
601,1569.0,190.40916292848974,1749.0,0.8970840480274442,68.10576715429814,30.52101572733848
602,219.0,60.62741699796952,236.0,0.9279661016949152,24.42163010416668,11.544068432204373
604,1629.0,189.1370849898476,1810.0,0.9,54.99802999861113,39.954111715034436
606,394.0,85.59797974644667,445.0,0.8853932584269663,27.95560508712183,18.882030931173794
607,724.0,121.9827560572969,827.0,0.875453446191052,35.87025567838949,27.15413767328226
608,454.0,85.01219330881975,493.0,0.920892494929006,28.75699870867795,20.641181442593382
609,248.0,59.94112549695428,269.0,0.9219330855018587,20.695687115723384,15.310187923960246
611,979.0,128.12489168102783,1038.0,0.9431599229287091,44.19578582152965,29.198418492694596
612,413.0,89.94112549695427,469.0,0.8805970149253731,34.749868913396924,16.566578508234674
613,162.0,81.73401871576772,294.0,0.5510204081632653,26.980425930326202,13.087837458915683
614,214.0,62.384776310850235,243.0,0.8806584362139918,20.054537216419003,14.598926837934053
615,1445.0,182.78174593052023,1616.0,0.8941831683168316,59.98360260063358,32.65598582002874
616,572.0,105.63961030678928,616.0,0.9285714285714286,39.45672583379675,20.0976972419738
617,107.0,41.79898987322333,125.0,0.856,15.935244951289091,8.950422788288735
619,2446.0,248.72896808188437,2920.0,0.8376712328767123,77.95228931190674,43.729414245475056
620,125.0,42.38477631085023,132.0,0.946969696969697,16.78247077499717,9.609055868625488
621,353.0,76.5269119345812,389.0,0.9074550128534704,24.067014588249716,19.473308418554126
622,147.0,50.49137802864845,170.0,0.8647058823529412,18.291963380456775,10.766686828402298
623,182.0,51.698484809834994,198.0,0.9191919191919192,17.31221615342105,13.835483722942543
626,578.0,116.63961030678928,696.0,0.8304597701149425,39.17034075883584,20.000147021275883
627,128.0,41.798989873223334,140.0,0.9142857142857143,14.965859572054983,11.004509036959815
628,120.0,40.970562748477136,130.0,0.9230769230769231,15.22216688210189,10.106822331260341
629,2085.0,222.20815280171308,2340.0,0.8910256410256411,76.04383852905444,37.50485938258035
630,1622.0,192.40916292848974,1786.0,0.9081746920492721,75.3532976022393,28.08126165213004
631,257.0,67.94112549695427,287.0,0.8954703832752613,25.878916280758336,13.004065392072865
632,117.0,45.698484809834994,129.0,0.9069767441860465,18.956479674652265,8.037404169236638
633,1322.0,176.0243866176395,1518.0,0.8708827404479579,59.08957333227986,31.833488629762247
635,217.0,62.18376618407356,242.0,0.8966942148760331,22.393336826049506,12.932913359034252
637,325.0,87.25483399593904,375.0,0.8666666666666667,34.83539067342083,12.720835508661725
639,415.0,92.25483399593904,464.0,0.8943965517241379,35.68360347513186,15.376115518591911
640,274.0,76.56244584051393,330.0,0.8303030303030303,27.747756426643186,13.38545616525283
642,6.0,4.0,6.0,1.0,6.831300510639732,0.0
644,2.0,0.0,2.0,1.0,2.0,0.0
646,937.0,151.19595949289334,1087.0,0.8620055197792088,48.10039881531545,27.086023445245566
647,146.0,47.45584412271571,161.0,0.906832298136646,17.005482866723064,11.13884313751617
648,1156.0,150.71067811865476,1270.0,0.9102362204724409,51.19675007367178,29.65346768010867
650,211.0,62.94112549695428,242.0,0.871900826446281,23.965714853491733,11.684093115098978
651,2.0,0.0,2.0,1.0,2.0,0.0
653,3.0,1.0,3.0,1.0,3.265986323710904,0.0
656,100.0,38.62741699796952,111.0,0.9009009009009009,14.961896438385674,8.688340173302496
657,2.0,0.0,2.0,1.0,2.0,0.0
658,164.0,56.2842712474619,200.0,0.82,21.70305535701088,10.40483315355844
659,349.0,90.11879502661796,424.0,0.8231132075471698,33.42961245824019,14.805692326942879
661,2822.0,260.69343417595167,3234.0,0.8726035868893012,80.51549617880929,49.63712401801115
662,176.0,53.4558441227157,201.0,0.8756218905472637,16.133835624746908,14.490181518198513
663,718.0,109.84062043356595,777.0,0.924066924066924,33.571191256557974,28.016372188720318
664,133.0,43.4558441227157,149.0,0.8926174496644296,13.820054776850135,12.357729352010642
665,169.0,51.4558441227157,190.0,0.8894736842105263,16.97654460606116,13.106988664762474
666,115.0,39.798989873223334,126.0,0.9126984126984127,13.546908502435782,11.152168984157642
668,463.0,89.7401153701776,519.0,0.8921001926782274,31.226508336616885,19.750220823242962
669,268.0,63.94112549695428,287.0,0.9337979094076655,22.366718784428027,15.5463468935273
670,221.0,58.87005768508881,240.0,0.9208333333333333,23.321023519429982,12.202242056718733
672,1703.0,221.37972567696687,2064.0,0.8250968992248062,70.26715298568469,33.73279926152274
673,373.0,77.35533905932738,400.0,0.9325,28.811378229438716,16.684247526039936
675,170.0,48.62741699796952,182.0,0.9340659340659341,16.464363282368947,13.220311827652486
676,291.0,66.76955262170047,313.0,0.9297124600638977,25.01183321563363,14.924912820765678
680,389.0,84.18376618407356,446.0,0.8721973094170403,31.242572110620145,17.084712089694445
682,2.0,0.0,2.0,1.0,2.0,0.0
683,100.0,40.04163056034261,114.0,0.8771929824561403,16.190107809489945,8.004624233347412
684,2.0,0.0,2.0,1.0,2.0,0.0
685,154.0,47.21320343559643,170.0,0.9058823529411765,16.07324164143937,12.592663485957194
688,100.0,36.97056274847714,111.0,0.9009009009009009,13.487380016260502,9.46383539042057
689,147.0,48.07716446627535,167.0,0.8802395209580839,15.200680123212722,13.230706399441864
690,1397.0,166.71067811865476,1557.0,0.8972382787411689,53.996815795536385,34.18967692588972
691,548.0,92.08326112068522,585.0,0.9367521367521368,29.585094137747316,24.532656754432953
692,219.0,55.698484809834994,238.0,0.9201680672268907,19.121844500957103,14.674823848027025
693,114.0,38.97056274847714,125.0,0.912,14.210505690206764,10.257891954862146
696,3668.0,299.8061325481597,4201.0,0.8731254463223043,99.67800125897311,48.879018467813275
697,1352.0,165.09545442950497,1485.0,0.9104377104377105,50.900382340910625,35.15426467805082
698,119.0,41.21320343559643,132.0,0.9015151515151515,15.03190251545636,10.265095228569566
700,3338.0,398.611219075793,4740.0,0.7042194092827004,96.9909337742829,58.577919050546626
701,439.0,95.25483399593904,510.0,0.8607843137254902,29.3002798381282,20.715106702833147
702,113.0,41.55634918610404,124.0,0.9112903225806451,16.644657599787013,8.728737915274058
703,165.0,52.698484809834994,184.0,0.8967391304347826,19.261203175561437,11.326910790713402
706,249.0,73.59797974644665,303.0,0.8217821782178217,28.40542417155282,12.78100795600541
707,230.0,61.941125496954285,253.0,0.9090909090909091,23.72043026675542,12.646507653256986
708,113.0,40.62741699796952,127.0,0.889763779527559,15.018399372338404,9.778702717403405
713,158.0,46.62741699796952,173.0,0.9132947976878613,15.137826367341162,13.437763957070151
714,3141.0,287.86500705120545,3490.0,0.9,106.3150782786767,39.003576612620506
717,1421.0,168.8528137423857,1580.0,0.899367088607595,50.919115500192,37.209668294963684
718,2477.0,258.86500705120545,3018.0,0.8207422133863486,94.92357232809323,36.07909842819932
721,101.0,40.62741699796952,118.0,0.8559322033898306,15.102205538002396,8.71493269856249
722,301.0,72.18376618407356,338.0,0.8905325443786982,23.15660573828552,17.33673483042454
723,196.0,54.04163056034261,214.0,0.9158878504672897,19.62880010931038,13.043821397737531
726,153.0,46.62741699796952,165.0,0.9272727272727272,16.421646456689512,12.2235920954627
727,787.0,135.29646455628165,911.0,0.8638858397365532,49.65261833733334,21.57493146417212
728,228.0,57.21320343559643,248.0,0.9193548387096774,19.428648649010647,15.334610030820311
729,7465.0,405.50461735799473,8278.0,0.9017878714665378,126.3087879290208,78.94536216554266
730,2051.0,217.85891039679558,2291.0,0.8952422522915757,68.58571350672081,39.40569838647604
731,128.0,45.04163056034261,143.0,0.8951048951048951,16.398984699583973,10.291933091519336
732,248.0,64.5269119345812,276.0,0.8985507246376812,22.841263413891674,14.431604990364042
733,1468.0,180.50966799187808,1648.0,0.8907766990291263,69.15678342598538,27.849262858427274
734,1065.0,138.46803743153546,1162.0,0.9165232358003442,44.27812905315317,31.360038251563402
735,126.0,41.798989873223334,137.0,0.9197080291970803,13.414566574712445,12.080022956642747
736,5646.0,370.2264427649427,6764.0,0.8347131874630396,108.37829633258971,75.82670400589629
737,143.0,47.11269837220809,159.0,0.89937106918239,18.026328343648103,10.29330686353174
738,127.0,44.04163056034261,142.0,0.8943661971830986,15.400032689402742,10.842374214234528
739,283.0,75.42640687119285,330.0,0.8575757575757575,25.685822889463562,15.618487050907772
740,367.0,80.42640687119285,415.0,0.8843373493975903,23.882889617015092,20.23022460059056
742,1154.0,144.22539674441617,1269.0,0.9093774625689519,46.817939407691284,32.375912128159996
743,186.0,57.21320343559643,208.0,0.8942307692307693,23.425867042871147,10.432243918231514
744,446.0,86.42640687119285,476.0,0.9369747899159664,32.26298479769585,18.03708218899636
745,151.0,44.38477631085024,162.0,0.9320987654320988,15.293226454312222,12.578414785168427
746,566.0,107.25483399593904,629.0,0.8998410174880763,43.176954215931985,16.954294770987406
747,299.0,74.18376618407356,350.0,0.8542857142857143,24.697519191858518,16.619427265301653
748,298.0,66.76955262170047,324.0,0.9197530864197531,21.376677786285445,18.43859887872283
749,133.0,43.21320343559643,146.0,0.910958904109589,15.259036164936195,11.456587522315544
750,15931.0,720.6538956566621,18327.0,0.8692639275386043,178.2967506315973,125.53970693456138
752,406.0,81.25483399593904,441.0,0.9206349206349206,29.66805429346235,17.78264009834073
754,1090.0,160.75230867899737,1271.0,0.8575924468922108,47.40801242401331,31.84444549923099
755,2889.0,234.89444430272832,3192.0,0.9050751879699248,68.62572777485465,56.27360406157794
756,233.0,60.2842712474619,253.0,0.9209486166007905,18.94780888717038,16.410315856212822
757,174.0,55.941125496954285,195.0,0.8923076923076924,18.46031877902377,12.632004416722184
758,58.0,32.9350288425444,77.0,0.7532467532467533,12.974100641388988,6.514663899381283
759,2.0,0.0,2.0,1.0,2.0,0.0
760,108.0,46.62741699796952,133.0,0.8120300751879699,16.109730043404628,9.585900703871479
761,151.0,54.04163056034261,177.0,0.8531073446327684,22.224859587418656,9.36506761154798
762,812.0,129.98275605729688,923.0,0.8797399783315276,40.536900444623534,27.682097842213807
763,2.0,0.0,2.0,1.0,2.0,0.0
764,1195.0,171.0243866176395,1348.0,0.8864985163204748,66.9586198913412,23.474174900808812
765,150.0,46.04163056034261,163.0,0.9202453987730062,15.376057141527122,12.847577380902232
766,109.0,41.62741699796952,123.0,0.8861788617886179,15.270534117961166,9.288423221003216
767,580.0,103.49747468305833,628.0,0.9235668789808917,37.925763563823125,20.391392102896994
768,116.0,39.79898987322333,126.0,0.9206349206349206,13.67780357597049,11.121359334691
769,1301.0,151.88225099390854,1402.0,0.927960057061341,49.62798965020561,34.049290123820676
770,316.0,72.18376618407356,342.0,0.9239766081871345,27.105566155387084,15.611609412536923
775,178.0,50.04163056034261,193.0,0.9222797927461139,18.25955498492144,12.483609810117006
777,115.0,41.798989873223334,128.0,0.8984375,16.272023101368585,9.101474646895051
780,2.0,0.0,2.0,1.0,2.0,0.0
781,170.0,54.2842712474619,193.0,0.8808290155440415,21.616013025380425,10.450768829223895
782,258.0,84.42640687119285,327.0,0.7889908256880734,28.929933784638656,13.880687938597585
783,2450.0,271.3919189857866,2936.0,0.8344686648501363,74.03233012688803,45.35205215047259
784,100.0,38.384776310850235,114.0,0.8771929824561403,13.897525655108899,9.273595886471975
785,235.0,64.8700576850888,270.0,0.8703703703703703,21.97753808598603,14.355600495352231
786,256.0,69.35533905932738,294.0,0.8707482993197279,21.017512914890382,17.37792917343119
787,2.0,0.0,2.0,1.0,2.0,0.0
788,2.0,0.0,2.0,1.0,2.0,0.0
790,459.0,102.5685424949238,538.0,0.8531598513011153,41.81608320369414,15.561786754240142
791,277.0,65.94112549695427,308.0,0.8993506493506493,20.59440419979205,17.852023447681695
792,156.0,46.2842712474619,169.0,0.9230769230769231,15.527679012082968,12.961417778763774
793,1167.0,155.63961030678928,1293.0,0.9025522041763341,59.42139075889977,25.669690725279633
794,145.0,45.55634918610404,157.0,0.9235668789808917,17.725738434113687,10.48679389482293
795,311.0,76.18376618407356,350.0,0.8885714285714286,26.710046887353087,15.651478522443268
796,1340.0,192.99494936611666,1559.0,0.8595253367543297,60.716685691469216,31.470044415038625
797,2843.0,260.8355697996826,3080.0,0.923051948051948,97.45525479940287,37.72589877932674
798,108.0,36.97056274847714,117.0,0.9230769230769231,12.818663098697392,10.740618637107122
799,144.0,46.384776310850235,158.0,0.9113924050632911,16.80678525989135,11.14430569729727
800,133.0,46.04163056034261,149.0,0.8926174496644296,16.47488261376958,10.637279097449545
801,240.0,63.11269837220809,272.0,0.8823529411764706,19.864943803082838,16.25167878269554
802,193.0,62.11269837220809,234.0,0.8247863247863247,19.239944153726753,14.675893584829819
803,360.0,71.698484809835,383.0,0.9399477806788512,25.170512126752765,18.386968970414003
804,124.0,43.21320343559643,139.0,0.8920863309352518,16.21473813864843,10.009675791291995
805,714.0,104.66904755831214,765.0,0.9333333333333333,32.24715403502339,28.679830682217585
806,149.0,48.04163056034261,166.0,0.8975903614457831,18.151231657060563,10.892240016191122
807,238.0,61.94112549695428,265.0,0.8981132075471698,21.345681053595825,14.965357617001771
808,370.0,75.01219330881976,395.0,0.9367088607594937,25.265149780150523,18.871129812675942
809,758.0,123.04772721475248,839.0,0.9034564958283671,46.90230220028618,21.887768048328713
810,180.0,61.11269837220809,207.0,0.8695652173913043,25.6239948867083,9.41060720789341
811,245.0,73.59797974644667,280.0,0.875,31.93058857730071,10.24673674388536
812,268.0,65.01219330881975,286.0,0.9370629370629371,21.44381184070627,16.58634367532698
813,222.0,60.526911934581186,243.0,0.9135802469135802,24.300689022888275,11.83054102327829
814,120.0,44.04163056034261,134.0,0.8955223880597015,16.972084885519475,9.191270083608277
815,162.0,46.384776310850235,173.0,0.9364161849710982,16.22137260972812,12.812131611955357
816,2504.0,284.492424049175,3097.0,0.8085243784307394,73.23274544616106,50.039797193314925
817,214.0,56.45584412271571,235.0,0.9106382978723404,17.300752935974838,16.377444121317637
818,1326.0,172.16652224137047,1493.0,0.8881446751507033,54.600721926512726,33.512970859513395
819,1308.0,172.36753236814712,1457.0,0.8977350720658888,68.27494958767517,25.584005189812142
820,488.0,94.5685424949238,535.0,0.9121495327102803,30.24858226672725,21.64015361653428
821,229.0,61.698484809834994,255.0,0.8980392156862745,20.147338480299172,14.830583145986862
822,190.0,56.21320343559643,213.0,0.892018779342723,19.496725739971772,12.853386377760565
823,1052.0,134.36753236814712,1126.0,0.9342806394316163,44.969925014948096,30.461873315488567
824,186.0,64.18376618407356,234.0,0.7948717948717948,21.796100142574073,12.793167413149915
825,245.0,65.01219330881975,275.0,0.8909090909090909,22.328118766499657,14.487877492291089
826,138.0,45.21320343559643,152.0,0.9078947368421053,17.40041779747276,10.170551669351198
827,446.0,90.5269119345812,498.0,0.8955823293172691,36.45543083094659,16.260473508234828
828,240.0,60.2842712474619,262.0,0.916030534351145,20.71711885958035,15.165691820033873
829,362.0,79.59797974644667,402.0,0.900497512437811,25.086891649673962,20.042071971144697
830,637.0,100.66904755831214,676.0,0.9423076923076923,35.344793832954544,24.34434965315218
831,1917.0,207.3380951166243,2159.0,0.887911069939787,66.2681644194111,38.66652904121737
832,1678.0,211.10155108391484,1884.0,0.8906581740976646,66.07914791608552,33.959121789384945
833,3231.0,276.73506473629425,3727.0,0.8669170914944996,91.5282141800619,48.811372818129115
834,209.0,55.4558441227157,226.0,0.9247787610619469,18.577409130934427,14.628351978036688
835,148.0,52.2842712474619,173.0,0.8554913294797688,20.346087719059746,9.853094132326202
836,121.0,41.21320343559643,134.0,0.9029850746268657,13.121898873419239,12.107510472584558
837,112.0,39.798989873223334,126.0,0.8888888888888888,13.48889686189797,10.779145029710294
838,802.0,114.91168824543142,878.0,0.9134396355353075,34.051939859067225,31.220695786630056
839,104.0,38.04163056034262,116.0,0.896551724137931,13.098493467101331,10.265003521415402
840,182.0,58.698484809834994,211.0,0.8625592417061612,18.364484591337053,13.933377755636295
841,322.0,89.1543289325507,406.0,0.7931034482758621,28.083414818869503,18.40853873919079
843,196.0,55.45584412271571,217.0,0.9032258064516129,19.605133745364324,12.99682133173022
844,3147.0,267.76450198781714,3435.0,0.9161572052401746,91.67630252766206,45.55140848798131
845,194.0,54.87005768508881,213.0,0.9107981220657277,20.850019758744864,12.155212970760756
846,4059.0,289.1787155501902,4500.0,0.902,90.4339600582556,59.1068039290945
847,161.0,48.8700576850888,176.0,0.9147727272727273,17.870377986284616,11.710072878623649
848,265.0,65.35533905932738,288.0,0.9201388888888888,22.63124414389129,15.212142300466653
849,131.0,47.45584412271571,150.0,0.8733333333333333,19.218979891988845,9.053136985199522
850,506.0,96.25483399593904,568.0,0.8908450704225352,28.858917424379147,22.86609095256766
851,295.0,79.84062043356595,347.0,0.8501440922190202,25.336024793518845,15.591008278176469
852,405.0,80.42640687119285,439.0,0.9225512528473804,28.050568845206307,18.67528142109741
853,418.0,88.66904755831213,472.0,0.885593220338983,26.612711066400973,21.359725331520647
854,907.0,132.53910524340094,976.0,0.9293032786885246,44.03183555160957,26.6643205859948
855,265.0,69.97665940288701,304.0,0.8717105263157895,24.984492701648612,14.016360330283224
856,1408.0,183.2670273047588,1630.0,0.8638036809815951,67.94865788789566,27.582919843607964
857,204.0,54.8700576850888,222.0,0.918918918918919,20.183659887437493,13.167630833531213
858,1140.0,169.61017305526642,1338.0,0.852017937219731,44.027035791811564,35.91782714943404
862,849.0,128.36753236814712,975.0,0.8707692307692307,42.680884358667726,27.901161991529246
865,570.0,107.49747468305833,640.0,0.890625,36.757642960512456,21.688427294501558
866,385.0,80.66904755831214,416.0,0.9254807692307693,30.380994189226794,16.7173892607373
867,245.0,59.21320343559643,261.0,0.9386973180076629,20.24837292001191,15.918577565529773
868,425.0,82.08326112068522,456.0,0.9320175438596491,28.481867143898267,19.706408905627782
869,135.0,43.79898987322333,149.0,0.9060402684563759,16.294290544021855,10.646749263425352
870,534.0,91.49747468305833,571.0,0.9352014010507881,28.510630006497863,24.37464432978429
871,493.0,86.66904755831214,523.0,0.9426386233269598,28.463284360963492,22.525281539247775
872,147.0,53.11269837220809,175.0,0.84,21.66596039487291,9.350543262916515
873,122.0,41.21320343559643,133.0,0.9172932330827067,15.789111897490368,9.886501580836256
874,101.0,38.79898987322333,113.0,0.8938053097345132,13.188081469854637,10.004812327913681
875,146.0,46.62741699796952,163.0,0.8957055214723927,16.088040295184005,12.059162961320238
876,415.0,85.84062043356595,454.0,0.9140969162995595,34.77080305724442,15.438046452516968
877,256.0,65.59797974644667,278.0,0.920863309352518,24.847904579597614,13.380925502374156
878,105.0,39.798989873223334,120.0,0.875,12.89884513979233,10.755388796504016
879,234.0,63.35533905932738,259.0,0.9034749034749034,23.376370742338906,13.672941818123643
880,250.0,59.798989873223334,265.0,0.9433962264150944,21.336906280194228,15.166309451880773
881,191.0,56.284271247461895,210.0,0.9095238095238095,21.148518137992394,11.822757601527933
882,101.0,36.97056274847714,113.0,0.8938053097345132,11.85941355029699,10.97848516128444
883,7.0,7.414213562373095,10.0,0.7,5.656854249492381,1.8070158058105013
884,28.0,23.31370849898476,41.0,0.6829268292682927,12.169024443859573,3.713811398705701
885,1318.0,171.58073580374355,1492.0,0.8833780160857909,59.07050182340211,29.666019246202193
888,107.0,41.21320343559643,126.0,0.8492063492063492,13.998143430269991,10.161552600998554
889,301.0,74.76955262170047,349.0,0.8624641833810889,23.46946223252616,17.736537671143452
890,1363.0,162.95331880577402,1476.0,0.9234417344173442,57.889540022770205,31.0878185711877
891,355.0,92.08326112068522,453.0,0.7836644591611479,31.208299204826154,18.103544607501988
892,323.0,79.84062043356593,372.0,0.8682795698924731,29.628545452532084,14.590976778848784
893,256.0,92.46194077712558,361.0,0.7091412742382271,26.389314265234535,16.108013728655813
894,5824.0,364.6761902332485,6417.0,0.9075892161446159,139.6787670317172,54.39097579742539
896,131.0,41.21320343559643,140.0,0.9357142857142857,14.18240512428941,11.8192836798151
897,4221.0,300.73506473629425,4649.0,0.907937190793719,93.62823467045168,60.50436344826111
899,107.0,39.45584412271571,117.0,0.9145299145299145,15.557507019747552,8.878177827525265
904,576.0,100.91168824543142,631.0,0.9128367670364501,33.52321015532876,23.363262759655903
905,5953.0,398.6761902332485,7058.0,0.8434400680079343,125.16262908924112,68.38294355754581
906,439.0,95.49747468305833,493.0,0.8904665314401623,29.142885976102058,20.24758503429561
907,134.0,49.698484809834994,152.0,0.881578947368421,20.881076249871796,8.334844191240864
908,660.0,107.39696961966999,708.0,0.9322033898305084,36.245504335487865,24.698632765024435
909,6717.0,499.8660530717319,8341.0,0.8052991248051793,157.40693816878104,60.88817612606525
910,676.0,111.15432893255071,770.0,0.8779220779220779,33.157614176127,27.245043858864427
911,318.0,69.59797974644667,337.0,0.9436201780415431,26.225832846229697,15.505393699824646
913,619.0,104.32590180780451,661.0,0.9364599092284418,39.695263096594985,20.51002704477116
914,3739.0,304.8061325481598,4152.0,0.9005298651252408,92.61951601514956,52.88843354226355
915,103.0,37.14213562373095,113.0,0.911504424778761,12.014123591262466,11.052355679721627
916,176.0,49.798989873223334,189.0,0.9312169312169312,18.17468339910372,12.414130473313842
917,288.0,71.59797974644667,323.0,0.891640866873065,24.43420866118023,16.062430127725936
918,463.0,87.59797974644667,507.0,0.9132149901380671,30.927018464586432,19.779064840926317
919,5696.0,375.3330444827409,6378.0,0.8930699278770775,114.57048189233223,66.17879820998671
920,196.0,55.45584412271571,220.0,0.8909090909090909,18.003140974996242,14.665001146990813
921,112.0,42.2842712474619,126.0,0.8888888888888888,16.364351037637366,8.837686280381662
922,169.0,67.18376618407356,218.0,0.7752293577981652,27.888993552768486,8.994817680281567
923,3313.0,333.3147545195113,3853.0,0.8598494679470542,124.91807642379912,36.435295400014766
924,543.0,90.18376618407356,571.0,0.9509632224168126,31.776832725479654,22.713935486261544
925,1623.0,171.4386001800126,1792.0,0.9056919642857143,54.537039469608594,39.46517682834979
926,745.0,117.63961030678928,835.0,0.8922155688622755,39.423551415573016,25.190773327444816
927,133.0,45.45584412271571,151.0,0.8807947019867549,17.28392384777533,10.171145159103798
928,383.0,96.66904755831214,480.0,0.7979166666666667,35.092466909459354,15.925516632815377
929,194.0,60.526911934581186,214.0,0.9065420560747663,26.06065505566406,9.63231359600534
930,160.0,50.8700576850888,178.0,0.898876404494382,16.628742589007597,12.890788180267526
931,133.0,50.04163056034261,155.0,0.8580645161290322,16.053613587438758,11.764208029643372
932,222.0,58.52691193458119,246.0,0.9024390243902439,18.353699661843763,15.827167415702664
933,363.0,79.94112549695427,389.0,0.9331619537275064,32.08800552359071,14.684958433122079
934,136.0,46.2842712474619,151.0,0.9006622516556292,16.233983809823417,10.906617690869096
935,293.0,76.31980515339464,334.0,0.8772455089820359,26.019793264144212,15.488192353866461
936,329.0,73.59797974644665,357.0,0.9215686274509803,26.26071661530272,16.22341121864546
937,248.0,67.07716446627535,283.0,0.8763250883392226,23.209605706232214,14.255535429094977
938,139.0,45.21320343559643,154.0,0.9025974025974026,16.785094020755405,10.720499714747119
939,179.0,54.384776310850235,194.0,0.9226804123711341,20.94886417934235,11.1841647382468
940,555.0,103.7401153701776,613.0,0.9053833605220228,39.82992549327337,18.516050528044946
941,215.0,56.87005768508881,238.0,0.9033613445378151,20.180230879360018,13.9619598853703
942,124.0,43.79898987322333,142.0,0.8732394366197183,14.956939153780164,10.861566829942841
943,2847.0,288.1848122046001,3388.0,0.8403187721369539,114.982780490326,34.23701910648494
944,161.0,47.79898987322333,175.0,0.92,15.696578763911695,13.593781805864433
945,2459.0,213.79393923933998,2685.0,0.915828677839851,65.88290516125582,50.30078419664386
946,126.0,45.21320343559643,142.0,0.8873239436619719,16.687477906013125,9.941742041887316
947,146.0,46.04163056034261,160.0,0.9125,15.697616639268537,12.053997240994024
948,761.0,131.46803743153546,858.0,0.8869463869463869,54.43712339280948,18.4255973499915
949,148.0,50.2842712474619,172.0,0.8604651162790697,17.89541552678111,11.279222809449248
950,198.0,56.04163056034261,214.0,0.9252336448598131,19.685171004895484,13.239993576942183
951,161.0,53.4558441227157,188.0,0.8563829787234043,21.007233218374225,10.328240039261809
952,143.0,43.45584412271571,153.0,0.934640522875817,14.920277753961585,12.292250802616316
953,914.0,130.84671708797583,1022.0,0.8943248532289628,43.12179116474596,28.195452382237555
954,796.0,124.22539674441619,873.0,0.9117983963344788,46.60187475690249,22.28235895728455
955,566.0,96.66904755831214,594.0,0.9528619528619529,36.20709567338094,20.060218171266566
956,104.0,38.14213562373095,115.0,0.9043478260869565,13.136327012406607,10.400724893178836
957,740.0,106.08326112068522,782.0,0.9462915601023018,34.75632345126009,27.57378937244421
958,302.0,70.18376618407356,330.0,0.9151515151515152,25.761604679359447,15.178805136750643
959,154.0,46.384776310850235,167.0,0.9221556886227545,16.836476497910258,11.762423823499295
960,242.0,64.52691193458118,268.0,0.9029850746268657,25.99276790530302,12.032153208629186
961,120.0,42.21320343559643,134.0,0.8955223880597015,14.77958533215119,10.587963379270471
962,520.0,90.18376618407356,552.0,0.9420289855072463,33.208735318870154,20.45954918758221
963,187.0,61.35533905932738,229.0,0.8165938864628821,22.434504928126437,12.027384844559776
964,199.0,54.42031021678297,217.0,0.9170506912442397,16.59360282583695,15.635211059255859
965,484.0,94.1543289325507,521.0,0.9289827255278311,36.020424072362644,17.338407324380764
966,148.0,49.45584412271571,168.0,0.8809523809523809,17.265410884816816,11.509730014479336
967,193.0,50.62741699796952,206.0,0.9368932038834952,16.889121115474012,14.658518622426955
968,167.0,52.8700576850888,192.0,0.8697916666666666,19.115576595245525,11.536602945971147
969,214.0,55.698484809834994,230.0,0.9304347826086956,19.631154070277617,14.351900056019113
970,100.0,36.384776310850235,109.0,0.9174311926605505,12.654567734735881,10.182392422558737
971,1065.0,159.19595949289334,1239.0,0.8595641646489104,55.42923604928405,27.560938442169288
972,11222.0,655.1391770309007,12986.0,0.864161404589558,168.71248040966026,89.60956134731434
973,233.0,75.49747468305833,308.0,0.7564935064935064,21.844908930330476,17.695219475924382
974,138.0,48.2842712474619,151.0,0.9139072847682119,19.926360087892377,9.05459840675416
975,151.0,52.04163056034261,174.0,0.867816091954023,20.463514669584935,9.981003360161028
976,153.0,47.55634918610404,170.0,0.9,18.31560069400269,10.845522663541148
977,2829.0,269.0782104868019,3188.0,0.8873902132998746,97.12814178252013,38.214558712413655
978,211.0,56.87005768508881,230.0,0.9173913043478261,20.142529679791643,13.691700346656136
979,834.0,125.1543289325507,942.0,0.8853503184713376,38.41162332448819,29.19092158740845
980,641.0,108.32590180780451,689.0,0.93033381712627,38.4906141610624,22.7218742448668
981,312.0,81.7401153701776,365.0,0.8547945205479452,32.644926322618474,13.383501834497334
982,161.0,48.62741699796952,176.0,0.9147727272727273,17.688393987525117,11.842829852595127
983,268.0,72.42640687119285,299.0,0.8963210702341137,30.479198765020517,11.413185921587901
984,180.0,53.94112549695428,196.0,0.9183673469387755,20.445847842052206,11.779282811381732
985,5409.0,368.326947828331,5783.0,0.9353276845927719,132.21373473556272,55.15787764069449
986,195.0,56.526911934581186,212.0,0.9198113207547169,22.697900132399564,11.13805856718394
987,370.0,79.59797974644667,398.0,0.9296482412060302,31.48838783202156,15.37603364190035
988,265.0,67.94112549695427,289.0,0.916955017301038,27.914648707950953,12.23326439468269
989,478.0,98.5685424949238,521.0,0.9174664107485605,40.09489944283234,15.570202823887133
990,945.0,126.5685424949238,1030.0,0.9174757281553398,41.80976047724232,30.149422550529607
991,1366.0,164.8528137423857,1507.0,0.9064366290643663,49.55189097445554,36.370124601427854
992,399.0,95.25483399593904,503.0,0.7932405566600398,31.245539039307104,19.784227019656793
993,140.0,48.2842712474619,160.0,0.875,18.467862884050923,10.167499225271387
994,1598.0,177.82337649086284,1758.0,0.9089874857792947,66.25825039919717,32.4052490875072
995,305.0,70.5269119345812,326.0,0.9355828220858896,27.84402302976636,14.361270755861476
996,210.0,64.18376618407356,235.0,0.8936170212765957,26.114031024288828,10.566479557470618
997,201.0,54.2842712474619,219.0,0.9178082191780822,17.761398714639746,14.905663808380298
998,217.0,68.76955262170047,273.0,0.7948717948717948,23.373023461482344,13.499308304308974
999,234.0,60.76955262170047,256.0,0.9140625,19.92405192620396,15.502697758275392
1000,1182.0,155.78174593052023,1352.0,0.8742603550295858,56.02730284872619,28.244262754860415
1001,1440.0,175.19595949289334,1600.0,0.9,49.677531148615095,39.74562972982505
1002,4535.0,359.5046173579947,5116.0,0.8864347146207975,113.38609706036941,53.20379136811367
1003,113.0,40.384776310850235,126.0,0.8968253968253969,13.62162353139215,11.061626805209634
1004,218.0,58.2842712474619,241.0,0.9045643153526971,20.63325136505229,13.90386647814842
1005,1129.0,152.8528137423857,1298.0,0.8697996918335902,49.72391910097969,31.652017915096597
1006,471.0,93.84062043356596,531.0,0.8870056497175142,34.15760839243005,19.634067092012486
1007,133.0,40.970562748477136,142.0,0.9366197183098591,13.26855699092983,12.797359357121755
1008,295.0,71.94112549695427,330.0,0.8939393939393939,23.415234317292356,16.77335712176667
1009,101.0,39.21320343559643,116.0,0.8706896551724138,13.818184043876753,9.499536995053704
1010,381.0,100.22539674441617,457.0,0.8336980306345733,45.34748508139733,11.31498103670827
1011,139.0,48.04163056034261,160.0,0.86875,16.619110805832896,11.257701949879989
1012,2245.0,218.40916292848974,2454.0,0.9148329258353708,79.40337036139584,36.797244424184754
1013,288.0,79.84062043356595,324.0,0.8888888888888888,34.39406186522112,10.84382920688688
1014,193.0,54.04163056034261,214.0,0.9018691588785047,18.89112517499845,13.356312665947542
1015,661.0,115.63961030678928,764.0,0.8651832460732984,42.9438342065509,21.22195925139253
1016,518.0,93.22539674441619,564.0,0.9184397163120568,27.711122823342798,24.62030005440815
1017,502.0,107.39696961966999,572.0,0.8776223776223776,43.06915821761301,15.977033734894466
1018,275.0,65.94112549695429,299.0,0.919732441471572,21.467393650398495,17.137128652544792
1019,519.0,96.5685424949238,577.0,0.8994800693240901,33.297400628314705,21.42938089570324
1020,106.0,39.45584412271571,119.0,0.8907563025210085,14.940421300049087,9.11993825742202
1021,1211.0,144.2609306503489,1290.0,0.9387596899224806,53.12007696197263,29.44648562872691
1022,396.0,78.01219330881975,424.0,0.9339622641509434,26.457195140732576,19.297402582101387
1023,1259.0,160.99494936611666,1388.0,0.9070605187319885,59.41825629111176,28.553761955394503
1024,688.0,109.88225099390856,762.0,0.9028871391076115,36.746839558151166,25.24530733339755
1025,117.0,40.62741699796952,128.0,0.9140625,15.621386975546157,9.596126544776078
1026,3801.0,381.56958851545033,5390.0,0.7051948051948052,125.80023996376498,52.444157113664524
1027,941.0,146.12489168102786,1090.0,0.863302752293578,49.72063149907541,25.45463980494404
1028,531.0,102.5685424949238,588.0,0.9030612244897959,33.36971395808061,21.383950974420156
1029,220.0,60.76955262170047,243.0,0.9053497942386831,23.41026532022896,12.360954519969308
1030,111.0,39.21320343559643,124.0,0.8951612903225806,12.78570005466927,11.329119137054876
1031,335.0,78.18376618407356,387.0,0.8656330749354005,26.388019043467626,17.06599531572691
1032,446.0,86.42640687119285,487.0,0.9158110882956879,30.1754421984341,19.714269065661124
1033,1235.0,170.12489168102783,1446.0,0.8540802213001383,58.57189077882263,28.58031757034777
1034,324.0,69.698484809835,352.0,0.9204545454545454,22.04701521017467,19.124747736495067
1035,230.0,55.698484809834994,244.0,0.9426229508196722,18.464382297341093,15.987271886412504
1036,374.0,78.42640687119285,404.0,0.9257425742574258,29.14668716380644,16.79420884680865
1037,382.0,100.91168824543142,479.0,0.7974947807933194,29.600084255187504,20.91922609315822
1038,288.0,65.97665940288701,315.0,0.9142857142857143,20.406949483235433,18.212879993708306
1039,192.0,59.31980515339464,231.0,0.8311688311688312,17.12935148524964,15.128609130470446
1040,147.0,45.21320343559643,162.0,0.9074074074074074,14.249602290544068,13.287014099234836
1041,258.0,71.35533905932738,288.0,0.8958333333333334,29.355121541532988,11.992808980755735
1042,144.0,45.45584412271571,154.0,0.935064935064935,18.15579455192304,10.202078316016769
1043,178.0,54.8700576850888,197.0,0.9035532994923858,22.413362972950072,10.265529312684281
1044,2713.0,232.20815280171308,2895.0,0.93713298791019,82.57221148935677,42.464154111820086
1045,1110.0,140.95331880577402,1201.0,0.9242298084929226,47.98148085939613,30.469859838743034
1046,311.0,73.35533905932738,353.0,0.8810198300283286,25.163044175662794,16.53441427441357
1047,468.0,85.4558441227157,494.0,0.9473684210526315,33.58906728995393,17.956493904841953
1048,519.0,105.46803743153546,594.0,0.8737373737373737,29.026128350892826,25.098845839749913
1049,304.0,74.76955262170047,338.0,0.8994082840236687,29.69013454085938,13.455884763492273
1050,376.0,74.18376618407356,394.0,0.9543147208121827,27.43106527916244,17.663675206394664
1051,1630.0,188.75230867899737,1826.0,0.8926615553121577,51.63300775620297,42.393289989687425
1052,226.0,61.698484809834994,254.0,0.889763779527559,19.647571215874123,15.44651299755881
1053,187.0,55.4558441227157,209.0,0.8947368421052632,17.867458400525297,14.2739325730879
1054,171.0,50.62741699796952,190.0,0.9,17.954169956565416,12.419734802524522
1055,123.0,51.45584412271571,156.0,0.7884615384615384,19.352695722607443,9.071682873057622
1056,169.0,50.04163056034261,185.0,0.9135135135135135,18.98409388088459,11.393959326725307
1057,5628.0,367.84776310850236,6464.0,0.8706683168316832,136.67394321267295,55.7856903458295
1058,1743.0,192.3086578651014,1922.0,0.9068678459937565,74.01372767366273,31.770501125660534
1059,157.0,48.2842712474619,169.0,0.9289940828402367,18.900322589895787,10.603284289086378
1060,492.0,107.15432893255071,576.0,0.8541666666666666,39.251019750720815,17.51377433751067
1061,116.0,40.384776310850235,129.0,0.8992248062015504,14.392441203965621,10.420257872117517
1062,161.0,52.62741699796952,183.0,0.8797814207650273,17.596336937594437,12.599686131345685
1063,987.0,131.46803743153546,1081.0,0.9130434782608695,44.40784117478918,29.207846410726596
1064,136.0,48.04163056034261,152.0,0.8947368421052632,18.84523836604496,9.458920539795129
1065,116.0,41.21320343559643,130.0,0.8923076923076924,15.663363854320055,9.55640658023464
1066,103.0,42.04163056034261,121.0,0.8512396694214877,16.634150166325373,8.171962121709765
1067,1244.0,185.4386001800126,1501.0,0.8287808127914723,56.13016096128503,32.4428404607133
1068,326.0,73.25483399593904,358.0,0.9106145251396648,24.93502824676407,17.335046629919066
1069,300.0,77.84062043356595,357.0,0.8403361344537815,28.742963386448103,14.8612101417218
1070,116.0,39.79898987322333,128.0,0.90625,13.129735484540413,11.37910390487487
1071,153.0,51.698484809834994,176.0,0.8693181818181818,17.59512949068929,11.729520530553943
1072,133.0,43.21320343559643,144.0,0.9236111111111112,13.639781868793703,12.681431086483308
1073,325.0,96.32590180780451,398.0,0.8165829145728644,38.62693299056828,12.118590361817352
1074,2501.0,249.00104602052653,2992.0,0.8358957219251337,81.55389356342715,42.76828569262308
1075,1467.0,158.8528137423857,1567.0,0.9361837906828334,55.33193166377645,34.40974137642257
1076,299.0,70.76955262170047,330.0,0.906060606060606,25.945861878165946,15.453974120916438
1077,227.0,61.94112549695428,247.0,0.9190283400809717,18.094748438972577,16.985647872227254
1078,118.0,41.21320343559643,127.0,0.9291338582677166,13.262160180268925,12.027077187069166
1079,424.0,82.18376618407356,455.0,0.9318681318681319,29.708045128024466,18.872722423669405
1080,300.0,70.52691193458118,322.0,0.9316770186335404,27.890125137184363,13.8069591088044
1081,210.0,56.526911934581186,228.0,0.9210526315789473,17.42230858692664,15.64612744711839
1082,166.0,51.698484809834994,185.0,0.8972972972972973,19.940641140779608,10.871801116650008
1083,298.0,69.35533905932738,322.0,0.9254658385093167,26.929132308933976,14.261894221698409
1084,1698.0,190.8944443027283,1918.0,0.8852971845672576,54.92847340310932,42.29126811613278
1085,352.0,79.01219330881976,392.0,0.8979591836734694,25.74619351950103,19.221280944755737
1086,161.0,48.2842712474619,175.0,0.92,17.387055088875176,11.886827065467177
1087,107.0,38.62741699796952,118.0,0.9067796610169492,13.34477145561835,10.475866768607947
1088,2300.0,200.55129855222071,2500.0,0.92,60.548097106084334,50.277333669135146
1089,125.0,41.798989873223334,136.0,0.9191176470588235,15.517275577725306,10.39096601115266
1090,104.0,38.384776310850235,117.0,0.8888888888888888,14.142632851266459,9.430098856143852
1091,104.0,37.798989873223334,116.0,0.896551724137931,12.690881894401937,10.632126243528027
1092,500.0,106.08326112068522,596.0,0.8389261744966443,39.60494050148959,17.694639636722457
1093,187.0,59.11269837220809,215.0,0.8697674418604651,22.367472467457954,11.302677083596311
1094,140.0,48.526911934581186,155.0,0.9032258064516129,20.091918541316026,9.013080808228228
1095,505.0,96.5685424949238,551.0,0.9165154264972777,35.13387540321828,18.952549424997187
1096,103.0,46.8700576850888,129.0,0.7984496124031008,17.099990612112357,8.633779845161243
1097,142.0,44.04163056034261,156.0,0.9102564102564102,14.004139172531325,13.028524378171017
1098,155.0,51.698484809834994,178.0,0.8707865168539326,19.329226213929648,10.698003471617843
1099,148.0,49.4558441227157,168.0,0.8809523809523809,17.179002664250405,11.552885243711764
1100,411.0,99.49747468305833,478.0,0.8598326359832636,38.022836338286105,15.724557502807945
1101,3069.0,299.9421715174808,3559.0,0.8623208766507446,85.83819657874616,51.827715974340855
1102,309.0,67.698484809835,333.0,0.9279279279279279,23.43451541287288,17.100469817579775
1103,1112.0,157.9177848998413,1312.0,0.8475609756097561,55.97622559101463,27.467485763035516
1104,118.0,40.970562748477136,132.0,0.8939393939393939,14.491572830884511,10.6567750053464
1105,554.0,109.08326112068524,644.0,0.860248447204969,34.5547516043936,22.044412187143863
1106,155.0,49.798989873223334,175.0,0.8857142857142857,19.190239654747153,10.626701913794788
1107,13779.0,514.4163056034262,14672.0,0.9391357688113413,175.32712745280546,104.34842338782758
1108,112.0,39.798989873223334,124.0,0.9032258064516129,14.364229159980374,10.033136030113079
1109,1727.0,188.40916292848974,1867.0,0.9250133904659882,69.63572140645783,32.61652219720336
1110,1081.0,158.71067811865476,1166.0,0.9271012006861064,65.47619950350101,21.512235802168274
1111,144.0,48.04163056034262,162.0,0.8888888888888888,16.11400363772706,11.962202472700708
1112,101.0,39.45584412271571,115.0,0.8782608695652174,13.004306552516697,10.272212101000441
1113,607.0,100.66904755831214,650.0,0.9338461538461539,36.84124205766072,21.39240555230504
1114,902.0,130.9116882454314,998.0,0.9038076152304609,43.1046260510226,28.277924919130154
1115,137.0,44.8700576850888,150.0,0.9133333333333333,17.05016629939222,10.405027795181084
1116,159.0,51.21320343559643,175.0,0.9085714285714286,21.021551070848382,9.881238314098866
1117,1055.0,130.46803743153546,1110.0,0.9504504504504504,47.24837926563056,28.73745993499365
1118,4059.0,398.19700551341987,5287.0,0.7677321732551542,87.96755691526764,78.05488195281038
1119,1906.0,245.52186130069782,2217.0,0.8597203428055932,91.81159687013242,28.94992214489874
1120,252.0,66.76955262170047,284.0,0.8873239436619719,20.098669681713353,17.523525994900627
1121,656.0,106.8111831820431,713.0,0.9200561009817672,34.151577292614185,26.888090375855082
1122,247.0,67.84062043356595,267.0,0.9250936329588015,28.891036540654095,11.221459933657158
1123,1005.0,131.29646455628165,1060.0,0.9481132075471698,49.54663235038598,26.240362480290976
1124,118.0,42.04163056034261,131.0,0.9007633587786259,15.510449246114899,9.928989202308413
1125,166.0,59.941125496954285,189.0,0.8783068783068783,26.53712319068433,8.085764225438043
1126,442.0,91.01219330881975,491.0,0.90020366598778,30.276871111358776,20.103911102875895
1127,129.0,44.04163056034262,144.0,0.8958333333333334,14.246902475520127,11.796814146048044
1128,250.0,63.698484809834994,271.0,0.922509225092251,24.09473205883971,13.418646690807604
1129,313.0,76.14823227814082,365.0,0.8575342465753425,25.260578517398102,16.648874659583843
1130,141.0,46.8700576850888,158.0,0.8924050632911392,17.513107224581724,10.556431737840725
1131,1010.0,122.56854249492379,1059.0,0.9537299338999056,39.801045673144664,32.70961671813863
1132,4524.0,289.27922061357856,4755.0,0.9514195583596214,111.31233768762259,53.080057165480746
1133,102.0,36.97056274847714,112.0,0.9107142857142857,13.789473989968938,9.431044566776864
1134,364.0,79.59797974644667,410.0,0.8878048780487805,28.183761911300426,17.864783994409486
1135,117.0,43.798989873223334,135.0,0.8666666666666667,15.03051990770454,10.320953039333801
1136,3573.0,340.22034611053283,4256.0,0.8395206766917294,101.81165639731068,50.72037370203302
1137,113.0,37.79898987322333,121.0,0.9338842975206612,13.370300403946125,10.773654180240703
1138,221.0,55.45584412271571,237.0,0.9324894514767933,19.616544433032136,14.464324936202248
1139,277.0,71.94112549695427,323.0,0.8575851393188855,24.16906080104557,16.10046355033057
1140,529.0,110.05382386916237,623.0,0.8491171749598716,35.7858216238133,19.76904061891271
1141,209.0,57.698484809834994,230.0,0.908695652173913,21.831309222183418,12.41292059707724
1142,112.0,42.04163056034261,132.0,0.8484848484848485,12.444694585507994,12.169906223539869
1143,1163.0,153.4386001800126,1296.0,0.8973765432098766,50.34424709656593,32.39282593140699
1144,1271.0,152.53910524340094,1378.0,0.9223512336719883,50.205596456865656,33.32062749919504
1145,110.0,37.55634918610404,120.0,0.9166666666666666,12.108912678677857,11.599445085957266
1146,114.0,39.798989873223334,127.0,0.8976377952755905,13.975718008465646,10.554101714315154
1147,1230.0,144.36753236814712,1302.0,0.9447004608294931,51.43575402162191,31.396889584921183
1148,197.0,55.21320343559643,215.0,0.9162790697674419,21.917799293368237,11.603847037756088
1149,215.0,59.698484809834994,240.0,0.8958333333333334,21.481527281515582,13.149931870782938
1150,186.0,52.87005768508881,201.0,0.9253731343283582,19.922666405749837,12.108589713725152
1151,287.0,67.76955262170047,309.0,0.9288025889967637,24.87774633013884,14.989976110176865
1152,14539.0,568.0731598529185,15373.0,0.9457490405255968,232.9668166784309,80.89510503930288
1153,5660.0,408.5107140124046,6817.0,0.8302772480563297,112.61027788769704,73.32890799838174
1154,252.0,61.11269837220809,272.0,0.9264705882352942,22.778066199159113,14.224824823870732
1155,147.0,45.4558441227157,161.0,0.9130434782608695,14.647839701985982,13.07256819567051
1156,252.0,83.59797974644667,325.0,0.7753846153846153,31.197490309086202,12.664201724466277
1157,141.0,47.45584412271571,154.0,0.9155844155844156,19.037437739849693,9.511354224076081
1158,282.0,82.66904755831214,364.0,0.7747252747252747,25.238563682167797,18.29841014622143
1159,108.0,41.62741699796952,123.0,0.8780487804878049,15.254739540365847,9.376775721288256
1160,1543.0,178.50966799187808,1709.0,0.9028671737858397,65.97174422353659,30.762490566875503
1161,2575.0,229.86500705120545,2997.0,0.8591925258591925,72.32860339100593,52.429546699886174
1162,761.0,121.39696961966999,827.0,0.9201934703748489,45.81583963028335,22.48135980659038
1163,454.0,89.49747468305833,499.0,0.9098196392785571,31.26218721196413,19.817507377966205
1164,905.0,143.1543289325507,1068.0,0.8473782771535581,58.93215668552143,20.827807386040373
1165,1307.0,208.06601717798213,1670.0,0.7826347305389222,67.85828878560206,29.40656152968131
1166,146.0,46.04163056034261,160.0,0.9125,15.154647093203856,12.507712931512556
1167,173.0,51.79898987322333,189.0,0.9153439153439153,20.50188656451097,10.928798048308208
1168,234.0,60.8700576850888,254.0,0.9212598425196851,22.412879301193176,13.453704507480387
1169,147.0,47.21320343559643,168.0,0.875,15.29021599988478,12.87051935025337
1170,393.0,92.29036790187178,472.0,0.8326271186440678,33.41985640756187,16.473394511557718
1171,883.0,131.7401153701776,995.0,0.8874371859296483,50.20120288708781,24.317002067166992
1172,750.0,125.98275605729688,842.0,0.8907363420427553,44.5743977078084,22.280955347748154
1173,656.0,105.39696961966999,700.0,0.9371428571428572,38.977441530675755,22.144181068016042
1174,364.0,75.59797974644665,396.0,0.9191919191919192,25.814785418584727,18.232072585060088
1175,255.0,62.90559159102154,275.0,0.9272727272727272,23.07081668098593,14.253564456573956
1176,653.0,115.88225099390857,716.0,0.9120111731843575,45.76342523329577,18.97855789478372
1177,198.0,54.8700576850888,215.0,0.9209302325581395,19.56043476450509,13.156283287698741
1178,288.0,67.94112549695427,311.0,0.9260450160771704,25.166369262320636,14.78343929159671
1179,1006.0,126.12489168102785,1063.0,0.9463781749764817,42.309861147839705,30.969078068232715
1180,222.0,59.11269837220809,248.0,0.8951612903225806,21.325119675440714,14.06098540057937
1181,115.0,41.21320343559643,132.0,0.8712121212121212,14.178404942917386,10.910350334786456
1182,1360.0,172.8528137423857,1574.0,0.8640406607369758,46.817196199274456,39.139437892184276
1183,6729.0,406.6761902332485,7719.0,0.8717450446949087,144.57077968989336,62.18358280441849
1184,142.0,49.04163056034261,167.0,0.8502994011976048,15.70416872909723,12.211129238018096
1185,165.0,55.698484809834994,198.0,0.8333333333333334,19.203986733037777,12.50926661419022
1186,1382.0,170.0243866176395,1502.0,0.9201065246338216,57.42625682725292,32.87748342861222
1187,118.0,40.62741699796952,134.0,0.8805970149253731,12.571153419837207,12.011294120147003
1188,175.0,55.11269837220809,197.0,0.8883248730964467,20.468847682110397,11.24557732001525
1189,1197.0,150.98885271170678,1325.0,0.9033962264150943,42.38282495407225,37.27285575492255
1190,239.0,60.87005768508881,262.0,0.9122137404580153,21.51585398725144,14.433299731276138
1191,512.0,96.42640687119285,565.0,0.9061946902654867,36.53708753166515,18.616899962013726
1192,455.0,97.84062043356595,509.0,0.8939096267190569,28.31772871375885,21.905798742344164
1193,826.0,139.4386001800126,928.0,0.8900862068965517,55.87541857189426,19.476477188497583
1194,1068.0,137.88225099390854,1174.0,0.909710391822828,42.465359946441524,32.8704921932356
1195,540.0,91.25483399593904,574.0,0.9407665505226481,33.579361946630314,20.858517550684244
1196,1121.0,153.4386001800126,1209.0,0.9272125723738627,61.22139894645908,23.730580920608766
1197,1884.0,204.75230867899737,2025.0,0.9303703703703704,67.66541118362319,36.272409520041435
1198,180.0,53.698484809834994,199.0,0.9045226130653267,19.820508820188994,11.835238155929765
1199,214.0,81.25483399593904,294.0,0.7278911564625851,22.43185889011217,16.10237042609067
1200,6953.0,422.0315292925759,7623.0,0.9121080939262758,143.70014769521666,63.44620424264902
1201,194.0,53.698484809834994,211.0,0.919431279620853,19.132747371234956,13.202617621105311
1202,352.0,73.45584412271572,372.0,0.946236559139785,27.54863712439161,16.444906130164284
1203,154.0,47.21320343559643,170.0,0.9058823529411765,17.020884254174387,11.840213806232217
1204,341.0,89.66904755831214,403.0,0.8461538461538461,26.447596972613336,17.873002867693206
1205,1075.0,168.8528137423857,1297.0,0.8288357748650732,53.497411528797855,28.415113481362084
1206,10006.0,497.68838354206827,10985.0,0.9108784706417843,137.89863427433627,97.9525831383325
1207,108.0,44.62741699796952,131.0,0.8244274809160306,17.444545488163815,8.497109170856403
1208,304.0,71.01219330881975,331.0,0.918429003021148,25.18827285276578,15.756786671370781
1209,126.0,48.87005768508881,154.0,0.8181818181818182,17.44978367165579,9.720346987346463
1210,366.0,74.18376618407356,391.0,0.9360613810741688,23.14780067400101,21.034419763202372
1211,283.0,69.94112549695427,318.0,0.889937106918239,23.890237949008927,15.47730863234624
1212,179.0,56.35533905932738,208.0,0.8605769230769231,20.57906418106064,11.840434316035719
1213,135.0,58.76955262170047,172.0,0.7848837209302325,24.860531970351275,7.840210592845594
1214,152.0,48.62741699796952,169.0,0.8994082840236687,18.298487533715434,10.712652418775516
1215,251.0,61.698484809834994,274.0,0.916058394160584,19.906112160492803,16.559263245963244
1216,121.0,41.21320343559643,136.0,0.8897058823529411,13.795479170047535,11.357845226621592
1217,402.0,78.52691193458118,434.0,0.9262672811059908,24.60347573700414,21.04123179637544
1218,977.0,140.71067811865476,1107.0,0.8825654923215899,46.1339209845831,29.187471725145112
1219,185.0,53.11269837220809,202.0,0.9158415841584159,19.756377559610385,12.128573200079067
1220,309.0,76.56244584051393,355.0,0.8704225352112676,26.698090374007098,15.39200972738885
1221,133.0,45.62741699796952,151.0,0.8807947019867549,17.048501651263162,10.188730749006664
1222,290.0,74.80508652763321,334.0,0.8682634730538922,26.694527331526597,14.294233517553371
1223,2462.0,301.35028842544403,3366.0,0.7314319667260843,115.34753170719728,35.187058196658995
1224,305.0,92.91168824543142,382.0,0.7984293193717278,25.120895414784545,17.917448305787786
1225,5915.0,335.56349186104046,6517.0,0.907626208378088,95.52726558382425,84.11097977227074
1226,257.0,63.11269837220809,276.0,0.9311594202898551,23.8264699893667,13.828827881124212
1227,344.0,75.35533905932738,375.0,0.9173333333333333,25.0979029020202,17.85766245094062
1228,223.0,61.11269837220809,248.0,0.8991935483870968,19.50930706565148,15.800632192866523
1229,100.0,35.55634918610404,109.0,0.9174311926605505,12.073431208283285,10.57810280054279
1230,780.0,128.05382386916236,879.0,0.8873720136518771,43.46741746102057,25.531758013581918
1231,163.0,49.526911934581186,175.0,0.9314285714285714,17.366202998358965,12.105132387719603
1232,231.0,57.11269837220809,248.0,0.9314516129032258,19.386074886046284,15.288769994643877
1233,143.0,48.8700576850888,160.0,0.89375,20.038410349005876,9.215901624365998
1234,233.0,59.45584412271572,253.0,0.9209486166007905,20.055043695735687,15.386476690795593
1235,165.0,49.04163056034261,182.0,0.9065934065934066,17.23371967456755,12.398905755663913
1236,931.0,126.61017305526642,997.0,0.9338014042126379,42.87875195373734,28.457289222957158
1237,342.0,79.84062043356595,385.0,0.8883116883116883,25.44982342915449,17.979448232997832
1238,202.0,61.698484809834994,235.0,0.8595744680851064,22.784028364470068,12.313006844675135
1239,520.0,94.5685424949238,566.0,0.9187279151943463,28.940471506581773,23.849138698683362
1240,124.0,41.55634918610404,135.0,0.9185185185185185,15.583110922077523,10.149104545964699
1241,223.0,62.52691193458118,247.0,0.902834008097166,23.607228418412337,12.551119269269648
1242,1133.0,148.71067811865476,1259.0,0.8999205718824463,44.81252292426163,34.016769577811544
1243,468.0,92.1543289325507,525.0,0.8914285714285715,32.22038787231726,19.25424622181186
1244,183.0,55.49137802864844,209.0,0.8755980861244019,19.519412372203472,12.482722621630664
1245,127.0,43.79898987322333,142.0,0.8943661971830986,14.921849450690784,11.40649825803284
1246,5.0,5.207106781186548,5.0,1.0,3.098386676965933,1.7888543819998317
1247,199.0,54.798989873223334,214.0,0.9299065420560748,19.97518543559724,12.88346847514445
1248,113.0,43.00609665440987,132.0,0.8560606060606061,14.18924071072461,10.649541145908154
1249,857.0,127.84062043356593,935.0,0.9165775401069519,50.61983123450317,22.349287705713337
1250,5768.0,397.4041122946064,6746.0,0.8550252001185888,122.67737091375412,67.59744212772104
1251,1252.0,176.29646455628165,1424.0,0.8792134831460674,72.85919819125613,23.245430011908056
1252,752.0,117.05382386916236,799.0,0.9411764705882353,44.85705280451482,21.712581633666392
1254,2.0,0.0,2.0,1.0,2.0,0.0
1255,5475.0,365.01933598375615,6052.0,0.904659616655651,126.24894612604298,57.835011083098074
1256,132.0,45.04163056034261,149.0,0.8859060402684564,16.7141294732253,10.38990322340623
1257,1219.0,167.6812408671319,1390.0,0.8769784172661871,58.44863071301302,27.513914242892753
1258,434.0,78.5269119345812,456.0,0.9517543859649122,26.4252737530362,21.16588124452015
1259,185.0,51.55634918610404,197.0,0.9390862944162437,16.772394483790404,14.678954546622093
1260,171.0,52.11269837220809,190.0,0.9,16.44814025933983,13.639549904248815
1261,132.0,46.04163056034261,147.0,0.8979591836734694,16.60249962851181,10.388892653523788
1263,816.0,135.53910524340094,927.0,0.8802588996763754,55.24526564447308,19.66248228010961
1264,3038.0,284.9655121145938,3573.0,0.850265883011475,97.85924161790648,42.25232855743574
1265,153.0,46.2842712474619,167.0,0.9161676646706587,16.158267172910158,12.13239789994337
1266,283.0,64.2842712474619,302.0,0.9370860927152318,23.066269545855175,15.87697903311273
1267,1173.0,146.95331880577402,1294.0,0.9064914992272025,42.135844315952056,37.20879769186839
1268,197.0,59.45584412271571,232.0,0.8491379310344828,20.47217518928378,13.074732795554652
1269,236.0,67.21320343559643,258.0,0.9147286821705426,28.90248129740699,10.529431359408418
1270,202.0,60.2842712474619,230.0,0.8782608695652174,23.62086718025214,11.454805076754765
1271,252.0,61.698484809834994,274.0,0.9197080291970803,21.440864406007602,15.478122506620386
1272,152.0,47.8700576850888,168.0,0.9047619047619048,16.540571138297175,12.125907090293111
1273,253.0,65.4558441227157,281.0,0.900355871886121,24.51116075559886,13.806545740994
1274,156.0,48.04163056034262,166.0,0.9397590361445783,17.65106098814278,11.524901147215433
1275,317.0,67.35533905932738,338.0,0.9378698224852071,22.52932783984416,18.27177719710313
1276,218.0,58.2842712474619,234.0,0.9316239316239316,22.957987654132634,12.305905324707219
1277,221.0,59.698484809834994,243.0,0.9094650205761317,20.713722075494825,14.491158057330951
1278,238.0,58.52691193458118,254.0,0.937007874015748,19.575434901745666,15.78304745446815
1279,396.0,102.08326112068522,538.0,0.7360594795539034,37.62320490159296,17.51039784149643
1280,101.0,38.384776310850235,113.0,0.8938053097345132,13.992425017091348,9.320902940826205
1281,189.0,51.21320343559643,205.0,0.9219512195121952,17.771234085160525,13.626923763114824
1282,342.0,77.42640687119285,371.0,0.921832884097035,26.62244644753099,17.417742734360136
1283,430.0,91.9827560572969,505.0,0.8514851485148515,31.23285616582913,19.135895813795905
1284,275.0,64.14213562373095,288.0,0.9548611111111112,22.629784022746932,15.897906792187573
1285,696.0,106.98275605729688,745.0,0.934228187919463,37.57128630348111,23.89277068936603
1286,484.0,89.25483399593904,533.0,0.9080675422138836,29.20653139897594,22.493855553070667
1287,299.0,66.76955262170047,318.0,0.940251572327044,22.895908396232777,17.01127013279317
1288,329.0,88.5685424949238,373.0,0.8820375335120644,38.17003365506333,11.221444871479243
1289,234.0,60.2842712474619,258.0,0.9069767441860465,21.07153456653528,14.691641443388946
1290,720.0,112.81118318204308,794.0,0.906801007556675,38.627470680697826,25.519705945168717
1291,1444.0,171.3380951166243,1561.0,0.9250480461242793,57.50458451025056,33.55611959783594
1292,362.0,77.84062043356595,386.0,0.9378238341968912,30.04694524405172,15.610394738435465
1293,424.0,87.49747468305833,460.0,0.9217391304347826,34.36985535670746,15.999153781356414
1294,273.0,63.11269837220809,294.0,0.9285714285714286,21.391684335204015,16.437949086435967
1295,240.0,61.112698372208094,264.0,0.9090909090909091,19.14263766496691,17.04312278718021
1296,1226.0,166.8528137423857,1365.0,0.8981684981684982,63.51915895262494,25.751095000632198
1297,263.0,68.8700576850888,287.0,0.9163763066202091,28.51696114903924,11.88629661704252
1298,169.0,48.2842712474619,183.0,0.9234972677595629,15.793150224970816,13.894988895094833
1299,350.0,82.76955262170047,408.0,0.8578431372549019,26.732529073208113,17.969329072318377
1300,246.0,67.698484809835,286.0,0.8601398601398601,22.305504598421187,15.65854689587972
1301,113.0,38.62741699796952,124.0,0.9112903225806451,13.10471160471552,11.045266608137496
1302,316.0,75.59797974644667,342.0,0.9239766081871345,29.918469060995843,13.66811733365245
1303,192.0,54.2842712474619,212.0,0.9056603773584906,20.186988416468107,12.406903126935436
1304,160.0,45.21320343559643,169.0,0.9467455621301775,16.100092963106437,12.664152422461228
1305,230.0,61.11269837220809,254.0,0.905511811023622,22.297882256299477,13.565576388905187
1306,387.0,82.42640687119285,431.0,0.8979118329466357,27.98563740628318,18.167161154990527
1307,915.0,123.05382386916237,981.0,0.9327217125382263,40.91310810196328,29.56514309733221
1308,4152.0,249.03657992645924,4302.0,0.9651324965132496,78.77307926850996,67.35029131961367
1309,5238.0,408.0904037956216,6586.0,0.7953234133009414,137.8831035944446,54.654433224118854
1310,590.0,106.8111831820431,651.0,0.9062980030721967,39.52670394319398,19.737985156437766
1311,780.0,141.3319984622144,927.0,0.8414239482200647,46.78417579847047,22.917549971554628
1312,293.0,76.76955262170047,349.0,0.839541547277937,27.350320948741842,15.340047188739346
1313,132.0,44.62741699796952,147.0,0.8979591836734694,16.08630910052447,10.73031921386659
1314,185.0,58.31980515339463,218.0,0.8486238532110092,21.067463574488766,11.939065788620587
1315,233.0,62.698484809834994,258.0,0.9031007751937985,19.00571815749939,15.959803696327794
1316,153.0,47.4558441227157,164.0,0.9329268292682927,16.994506740573254,11.580257828948533
1317,3658.0,269.76450198781714,3965.0,0.9225725094577554,92.76088424181309,51.7776356476043
1318,2885.0,274.9360748630709,3431.0,0.8408627222384144,94.43539166081467,42.01019027213556
1319,736.0,114.32590180780451,796.0,0.9246231155778895,37.10825901681056,26.984735590631733
1320,215.0,63.94112549695428,248.0,0.8669354838709677,20.2149654799649,14.597142761832611
1321,415.0,90.66904755831214,481.0,0.8627858627858628,34.08399655212645,17.32023788794286
1322,249.0,66.76955262170047,282.0,0.8829787234042553,23.096168047641086,14.50274032586221
1323,100.0,38.62741699796952,112.0,0.8928571428571429,15.103699192344248,8.648136834438949
1324,504.0,100.32590180780451,558.0,0.9032258064516129,40.35378095612854,16.697533450057016
1325,134.0,44.384776310850235,147.0,0.9115646258503401,17.227377249797478,9.930828225019294
1326,963.0,127.25483399593904,1021.0,0.9431929480901078,46.540973876210835,27.394045051073547
1327,1799.0,181.09545442950497,1912.0,0.9408995815899581,66.64292153457471,34.72192817649748
1328,412.0,82.18376618407356,436.0,0.944954128440367,31.48435363126207,16.787431587473204
1329,378.0,83.59797974644667,418.0,0.9043062200956937,32.77497624687031,14.882486310201557
1330,139.0,48.970562748477136,156.0,0.8910256410256411,20.327820661868138,9.00506422521711
1331,100.0,37.21320343559643,113.0,0.8849557522123894,12.848036920850605,10.000157362784837
1332,708.0,107.49747468305833,741.0,0.9554655870445344,40.691882971621794,22.503772094993003
1333,120.0,42.62741699796952,137.0,0.8759124087591241,14.780967941784338,10.616846572706423
1334,571.0,107.7401153701776,638.0,0.8949843260188087,38.36664647926922,19.66451885289122
1335,100.0,36.384776310850235,110.0,0.9090909090909091,13.367127557343217,9.533095030771253
1336,288.0,69.94112549695427,311.0,0.9260450160771704,27.84858554250587,13.351531075017771
1337,644.0,97.01219330881976,684.0,0.9415204678362573,31.177895286431788,26.725216089828912
1338,523.0,97.42640687119285,553.0,0.945750452079566,39.13771606636252,17.21994461399464
1339,117.0,41.21320343559643,130.0,0.9,14.710085970731193,10.447099946294426
1340,474.0,90.18986283848344,520.0,0.9115384615384615,29.591080676352618,21.487564991339088
1341,165.0,51.35533905932738,186.0,0.8870967741935484,17.16046079382945,12.718137393840461
1342,274.0,68.11269837220809,294.0,0.9319727891156463,27.142453836000772,13.001550033835649
1343,483.0,92.66904755831213,521.0,0.927063339731286,36.902779979410205,17.063966256040835
1344,219.0,59.94112549695428,246.0,0.8902439024390244,19.07409074996091,15.289078670672879
1345,133.0,43.79898987322333,148.0,0.8986486486486487,16.52631790433693,10.39547785501917
1346,251.0,60.04163056034261,268.0,0.9365671641791045,18.981808696498288,17.2666697395915
1347,136.0,45.21320343559643,155.0,0.8774193548387097,14.413152653962177,12.561122235662614
1348,104.0,36.97056274847714,114.0,0.9122807017543859,13.17904022031974,10.080337034503499
1349,10525.0,490.13203435596427,11647.0,0.9036661801322229,148.55099089497045,94.31822606211334
1350,127.0,43.21320343559643,141.0,0.900709219858156,14.812993883189183,11.262566703775521
1351,305.0,82.70458146424487,353.0,0.8640226628895185,33.25420363763366,12.043409082097856
1352,116.0,39.21320343559643,127.0,0.9133858267716536,13.152573092864342,11.438054197251507
1353,107.0,41.21320343559643,122.0,0.8770491803278688,16.327557832905775,8.484977097602606
1354,315.0,91.39696961966999,351.0,0.8974358974358975,41.732815430728856,9.754264261151116
1355,142.0,47.21320343559643,160.0,0.8875,15.519901682423484,11.94485525498292
1356,110.0,41.21320343559643,127.0,0.8661417322834646,14.540680748658529,10.1614735897089
1357,643.0,108.42640687119285,693.0,0.9278499278499278,41.180644658631735,20.786489666907062
1358,200.0,53.4558441227157,215.0,0.9302325581395349,17.877233719814893,14.543194784060116
1359,242.0,65.94112549695427,270.0,0.8962962962962963,19.853006962791575,16.750124557565087
1360,170.0,52.2842712474619,190.0,0.8947368421052632,19.145422719309018,11.958616067151194
1361,146.0,44.384776310850235,157.0,0.9299363057324841,15.971456130380558,11.736290374837894
1362,179.0,49.21320343559643,192.0,0.9322916666666666,17.67619814067511,13.01447968392175
1363,150.0,45.21320343559643,160.0,0.9375,16.376187361880955,11.7597448356536
1364,112.0,38.384776310850235,122.0,0.9180327868852459,13.164620192383031,10.938728691871946
1365,281.0,69.01219330881976,312.0,0.9006410256410257,24.13580029471533,15.536766348624784
1366,170.0,48.8700576850888,186.0,0.9139784946236559,15.611578835803476,14.201987921582433
1367,1154.0,155.5685424949238,1266.0,0.9115323854660348,44.89693778964904,35.35340798377656
1368,297.0,75.01219330881975,331.0,0.8972809667673716,24.709712852402465,15.859739202996368
1369,328.0,75.94112549695427,362.0,0.9060773480662984,28.06760346517548,15.82109503088456
1370,454.0,83.49747468305833,487.0,0.9322381930184805,28.58170135723467,20.726070479214208
1371,215.0,54.87005768508881,231.0,0.9307359307359307,19.47416407564089,14.221026833101483
1372,258.0,69.01219330881976,290.0,0.8896551724137931,20.88345223793555,16.48227320010741
1373,370.0,82.5269119345812,409.0,0.9046454767726161,29.75499410105459,16.81378713456952
1374,110.0,38.970562748477136,122.0,0.9016393442622951,13.426099441457145,10.532861724249193
1375,1962.0,233.23759005323592,2326.0,0.8435081685296647,64.80674892967679,47.58375875466014
1376,650.0,109.29646455628165,700.0,0.9285714285714286,43.18262953632661,19.696353185642764
1377,162.0,58.2842712474619,195.0,0.8307692307692308,23.170872339271593,9.576787103712409
1378,383.0,72.76955262170047,404.0,0.948019801980198,23.815494743737954,20.603413772344695
1379,244.0,57.698484809834994,260.0,0.9384615384615385,19.713768012198866,15.871357953053993
1380,570.0,99.49747468305833,627.0,0.9090909090909091,35.0732020988136,21.48546716017655
1381,1742.0,196.16652224137044,1948.0,0.8942505133470225,72.73297203748689,32.12227183952452
1382,226.0,63.94112549695428,261.0,0.8659003831417624,21.21619553785603,14.92848993436741
1383,304.0,72.42640687119285,334.0,0.9101796407185628,24.568883494732987,16.396784905431304
1384,1308.0,216.69343417595167,1824.0,0.7171052631578947,59.42069170274548,39.386214689286085
1385,448.0,92.08326112068522,519.0,0.8631984585741811,27.75170218983795,23.10945753322239
1386,102.0,42.62741699796952,122.0,0.8360655737704918,17.13597677008389,8.0993907302034
1387,172.0,75.01219330881975,258.0,0.6666666666666666,27.06038757423634,11.512327899555798
1388,450.0,82.08326112068522,478.0,0.9414225941422594,28.107513649427975,20.6746047455687
1389,1552.0,173.78174593052023,1715.0,0.9049562682215744,58.95195960018628,34.88226619276324
1390,568.0,123.77564927611034,688.0,0.8255813953488372,49.590667589280024,16.86041586032434
1391,1688.0,228.79393923933998,2160.0,0.7814814814814814,85.27805349218839,29.988703332462656
1392,367.0,73.35533905932738,394.0,0.9314720812182741,22.434984666002943,21.34063540841152
1393,402.0,80.18376618407356,439.0,0.9157175398633257,27.0894599614845,19.929710513912177
1394,187.0,57.698484809834994,213.0,0.8779342723004695,22.814804850911653,10.732240309186226
1395,104.0,43.21320343559643,122.0,0.8524590163934426,17.041151770044024,8.123221055395605
1396,141.0,46.04163056034261,157.0,0.8980891719745223,17.150220938982862,10.594785515355614
1397,484.0,104.8111831820431,578.0,0.8373702422145328,29.699019243882724,22.167982647054238
1398,1060.0,133.63961030678928,1144.0,0.9265734265734266,47.71845769561264,28.701818856817848
1399,548.0,105.9827560572969,630.0,0.8698412698412699,33.768260174205146,22.0749655488148
1400,772.0,115.05382386916236,833.0,0.9267707082833133,33.728380093816796,31.85047830677431
1401,110.0,48.87005768508881,138.0,0.7971014492753623,18.384421676317153,8.47969757906015
1402,182.0,55.11269837220809,204.0,0.8921568627450981,17.856129855196016,13.533958982746096
1403,107.0,37.798989873223334,117.0,0.9145299145299145,14.056479932067035,9.70594648909213
1404,179.0,49.87005768508881,194.0,0.9226804123711341,16.376028972185683,14.171195170874023
1405,1768.0,187.33809511662426,1936.0,0.9132231404958677,65.79554232509916,35.235687547637106
1406,396.0,85.01219330881976,429.0,0.9230769230769231,33.188445466797965,15.374885423366054
1407,227.0,58.76955262170047,252.0,0.9007936507936508,17.76355778183204,16.78248167443276
1408,1465.0,175.58073580374355,1628.0,0.8998771498771498,54.71841104982955,35.51866551939507
1409,202.0,61.11269837220809,226.0,0.8938053097345132,25.665313507139935,10.412511486260534
1410,184.0,52.87005768508881,204.0,0.9019607843137255,18.878507874216503,12.935288736493424
1411,563.0,116.22539674441619,653.0,0.8621745788667687,41.03246177851027,18.56197811457502
1412,350.0,90.49747468305833,391.0,0.8951406649616368,39.78873001769327,11.71449269449251
1413,113.0,40.79898987322333,128.0,0.8828125,14.52660795229909,10.253211146859408
1414,519.0,92.42640687119285,563.0,0.9218472468916519,32.98451942818411,20.314439090587097
1415,519.0,99.59797974644667,555.0,0.9351351351351351,40.85946088291743,16.32882611259235
1416,199.0,69.84062043356595,240.0,0.8291666666666667,29.5850840686858,9.104134845962829
1417,1291.0,164.12489168102783,1453.0,0.8885065381968341,61.418302898723745,28.381755543757446
1418,301.0,72.2842712474619,334.0,0.9011976047904192,28.446756276097183,13.841658013321188
1419,151.0,54.87005768508881,181.0,0.8342541436464088,22.702780957627933,9.366911817461391
1420,287.0,66.52691193458118,308.0,0.9318181818181818,24.346884228812396,15.183957521418696
1421,830.0,134.12489168102786,896.0,0.9263392857142857,57.85928293322482,18.71692223987935
1422,918.0,132.5685424949238,996.0,0.9216867469879518,51.69758964240826,23.151308964465812
1423,5626.0,419.8183258569795,6640.0,0.8472891566265061,104.56411199031099,72.72089334520317
1424,209.0,59.11269837220809,232.0,0.9008620689655172,21.002822847761205,13.314946022850473
1425,606.0,99.25483399593904,666.0,0.9099099099099099,29.202472096024078,27.255142744098176
1426,184.0,67.35533905932738,219.0,0.8401826484018264,28.00301729567053,8.884297315179285
1427,661.0,115.1543289325507,762.0,0.8674540682414699,37.8094571159253,23.41316011267371
1428,498.0,112.8111831820431,594.0,0.8383838383838383,35.519580366402494,20.150523795589827
1429,176.0,50.04163056034261,191.0,0.9214659685863874,17.191718018424552,13.095410249072213
1430,127.0,40.384776310850235,135.0,0.9407407407407408,14.571369615079659,11.156157990548554
1431,6894.0,393.9482681718907,7413.0,0.9299878591663294,118.55785279958059,77.1511736464957
1432,217.0,62.562445840513924,250.0,0.868,21.883557976043306,13.240239739877081
1433,1666.0,197.16652224137044,1830.0,0.9103825136612022,72.42616623729653,30.01774044239306
1434,111.0,43.45584412271571,128.0,0.8671875,16.64126431762312,8.789491304685182
1435,235.0,58.8700576850888,254.0,0.9251968503937008,19.360704121341893,15.975654963052763
1436,349.0,79.69848480983498,392.0,0.8903061224489796,29.803534544287725,15.615902836027681
1437,138.0,46.87005768508881,153.0,0.9019607843137255,18.198384108542633,9.827907810902696
1438,455.0,106.22539674441617,551.0,0.8257713248638838,35.79974007404407,19.172811610818147
1439,298.0,67.11269837220809,324.0,0.9197530864197531,22.172885967642085,17.83659016038922
1440,101.0,38.384776310850235,114.0,0.8859649122807017,13.412421213131754,9.872826629571042
1441,812.0,107.59797974644667,846.0,0.9598108747044918,35.512970277790416,29.362184513704438
1442,222.0,57.62741699796952,241.0,0.921161825726141,17.63810915476557,16.341719636572872
1443,281.0,69.59797974644667,303.0,0.9273927392739274,27.847073906260196,13.063682466640582
1444,615.0,98.91168824543144,677.0,0.9084194977843427,31.480408741209462,25.974747089182245
1445,2859.0,334.3624817342638,3872.0,0.7383780991735537,91.93025275282952,49.640793245577015
1446,311.0,74.76955262170047,339.0,0.9174041297935103,28.155856745579616,14.284421712425486
1447,424.0,79.01219330881975,440.0,0.9636363636363636,27.43571823975119,20.227304818462628
1448,588.0,96.22539674441617,624.0,0.9423076923076923,32.98822521776936,23.19699076942965
1449,144.0,45.798989873223334,161.0,0.8944099378881988,16.157270635281836,11.5275976184471
1450,4764.0,411.7888886054566,5450.0,0.8741284403669725,115.69749210349954,56.33478034916645
1451,151.0,49.45584412271571,167.0,0.9041916167664671,19.650509756444823,9.973387001733238
1452,1027.0,136.0538238691624,1134.0,0.9056437389770723,41.692219378613764,32.59736011666185
1453,298.0,71.698484809835,340.0,0.8764705882352941,25.755359258056046,15.341538034005515
1454,100.0,37.798989873223334,111.0,0.9009009009009009,14.18879724628661,9.153252575110637
1455,174.0,57.90559159102154,203.0,0.8571428571428571,20.140145961287967,11.648532119957403
1456,104.0,37.79898987322333,116.0,0.896551724137931,13.368758700924062,9.986882859932104
1457,256.0,70.84062043356595,287.0,0.89198606271777,30.01106978939522,11.230255966825714
1458,492.0,100.66904755831213,564.0,0.8723404255319149,30.88311021263,22.690558316250133
1459,384.0,78.76955262170047,405.0,0.9481481481481482,29.088398978431258,16.998516752391115
1460,615.0,98.66904755831214,654.0,0.9403669724770642,34.887167455401936,22.959630919699443
1461,109.0,41.00609665440987,126.0,0.8650793650793651,14.830101943722855,9.614734990824607
1462,103.0,38.384776310850235,116.0,0.8879310344827587,14.655997388474914,8.986522650983119
1463,142.0,46.62741699796952,159.0,0.8930817610062893,16.795805284423274,11.01968952656756
1464,169.0,50.66295090390226,190.0,0.8894736842105263,17.303621769146552,12.805913365772902
1465,2610.0,250.0071426749364,2997.0,0.8708708708708709,68.66355907102708,52.555400419072164
1466,316.0,75.01219330881975,348.0,0.9080459770114943,30.729522204137943,13.3176146119541
1467,425.0,85.01219330881975,466.0,0.9120171673819742,31.094009173164153,17.765383619018156
1468,3825.0,265.5218613006979,4049.0,0.9446776981970857,95.16591398788574,52.48854857496369
1469,128.0,43.21320343559643,143.0,0.8951048951048951,14.819618345427989,11.354162145810417
1470,465.0,92.0477272147525,518.0,0.8976833976833977,33.88292881525527,18.26800256954864
1471,307.0,77.35533905932738,352.0,0.8721590909090909,21.044791695589833,19.32982563823404
1472,2243.0,220.30256121069152,2510.0,0.8936254980079681,68.36796354638834,44.94957272048419
1473,634.0,109.22539674441617,715.0,0.8867132867132868,30.01386285893944,28.32723836491946
1474,287.0,82.59797974644665,360.0,0.7972222222222223,26.554219068489573,15.505691249059064
1475,749.0,117.1543289325507,835.0,0.8970059880239521,40.46168354691458,25.337800284954753
1476,320.0,83.01219330881975,373.0,0.8579088471849866,34.41989710122071,12.5469578899181
1477,110.0,38.970562748477136,122.0,0.9016393442622951,13.979147741160249,10.147293267774382
1478,1014.0,153.63961030678928,1134.0,0.8941798941798942,62.796765100673845,21.42036325747695
1479,172.0,53.11269837220809,189.0,0.91005291005291,18.901396612602774,11.833167264975472
1480,609.0,107.98275605729688,705.0,0.8638297872340426,33.23254705440651,24.98161649467387
1481,218.0,63.698484809834994,250.0,0.872,25.52217032036178,11.263545374723495
1482,108.0,39.21320343559643,120.0,0.9,14.28491455181709,9.7534170892408
1483,161.0,47.62741699796952,175.0,0.92,16.22695461073752,12.945667511513443
1484,206.0,55.4558441227157,221.0,0.9321266968325792,20.610248776700143,12.862286006944855
1485,1022.0,163.88834764831844,1246.0,0.8202247191011236,45.825509886441466,30.770566033273788
1486,930.0,133.43250352560273,1012.0,0.9189723320158103,47.288041515385736,25.61553828939765
1487,114.0,40.62741699796952,126.0,0.9047619047619048,15.609799274796138,9.419691941419414
1488,301.0,66.04163056034261,323.0,0.9318885448916409,20.408044872585148,19.185912739882912
1489,173.0,50.2842712474619,189.0,0.9153439153439153,18.148459663809355,12.258112874351964
1490,178.0,49.45584412271571,190.0,0.9368421052631579,17.178546318944356,13.396790240063888
1491,3659.0,274.38582233137674,4131.0,0.8857419511014282,77.03816658148894,64.14623366806772
1492,200.0,54.2842712474619,219.0,0.91324200913242,18.59914656771622,14.013498740593295
1493,330.0,73.11269837220809,361.0,0.9141274238227147,25.557836518405956,16.762589113380365
1494,5854.0,438.2325394193525,6947.0,0.8426658989491868,116.70223131074779,69.09897430785651
1495,214.0,61.941125496954285,237.0,0.9029535864978903,23.51356448205085,12.235056839167182
1496,148.0,45.45584412271571,163.0,0.9079754601226994,15.02817898162393,12.700477153037614
1497,239.0,61.35533905932737,262.0,0.9122137404580153,21.41725883902367,14.455930572203973
1498,128.0,46.970562748477136,142.0,0.9014084507042254,19.935140979588166,8.213122944346113
1499,135.0,48.04163056034261,157.0,0.8598726114649682,18.45703436561589,9.881050874127274
1500,354.0,72.76955262170047,381.0,0.9291338582677166,26.018245503122547,17.538639372278908
1501,312.0,77.59797974644667,352.0,0.8863636363636364,31.192660285616913,13.242784081770962
1502,3655.0,342.8772003600252,4327.0,0.844696094291657,121.52837694959365,41.391080831538176
1503,337.0,74.18376618407356,372.0,0.9059139784946236,23.978785889565707,18.607424817752523
1504,133.0,49.698484809834994,158.0,0.8417721518987342,15.05347048098289,12.405197615750875
1505,100.0,35.55634918610404,109.0,0.9174311926605505,12.073431208283285,10.57810280054279
1506,112.0,40.384776310850235,126.0,0.8888888888888888,14.99586667029036,9.68464507113263
1507,110.0,43.45584412271571,129.0,0.8527131782945736,14.584902513163367,10.159714180784803
1508,111.0,38.384776310850235,122.0,0.9098360655737705,13.160524393322692,10.794199566052585
1509,113.0,38.970562748477136,123.0,0.9186991869918699,14.622351901903347,9.831900490569714
1510,651.0,112.46803743153546,722.0,0.9016620498614959,43.21503723483932,20.644175856810786
1511,448.0,81.84062043356595,481.0,0.9313929313929314,26.99389558185592,22.035615736397883
1512,216.0,56.8700576850888,233.0,0.927038626609442,20.315613836558235,13.983079786474073
1513,101.0,36.970562748477136,113.0,0.8938053097345132,12.400316904166859,10.501950220754148
1514,831.0,129.29646455628165,906.0,0.9172185430463576,51.71168932477845,20.974458524071775
1515,992.0,150.12489168102786,1118.0,0.8872987477638641,61.76468765443266,21.385478590349635
1516,1129.0,137.39696961967,1207.0,0.9353769676884839,44.68368572901992,32.9117822063354
1517,276.0,73.59797974644667,315.0,0.8761904761904762,26.428535304455067,13.681492071220243
1518,119.0,41.21320343559643,132.0,0.9015151515151515,14.230407303189892,10.756558192142991
1519,460.0,88.42640687119285,511.0,0.9001956947162426,26.963228990720257,23.25283263783593
1520,122.0,41.21320343559643,134.0,0.9104477611940298,14.09810407800045,11.283487826252562
1521,1879.0,192.8528137423857,2153.0,0.8727357176033441,55.99857607392948,46.95185369846992
1522,1066.0,144.95331880577405,1203.0,0.8861180382377389,49.638355372566274,28.434461139353047
1523,157.0,48.04163056034261,174.0,0.9022988505747126,17.746396608621957,11.608991402183939
1524,159.0,49.21320343559643,175.0,0.9085714285714286,19.195268014088327,10.75414570628025
1525,250.0,71.01219330881975,291.0,0.8591065292096219,25.63058496004809,13.41858631174524
1526,308.0,72.2842712474619,335.0,0.9194029850746268,29.128666428637423,13.67179550357472
1527,275.0,67.11269837220809,305.0,0.9016393442622951,23.415431069035936,15.509580971155
1528,404.0,77.35533905932738,433.0,0.9330254041570438,24.001943411853752,21.677695800535762
1529,202.0,53.4558441227157,216.0,0.9351851851851852,18.643219324932662,14.113791884692164
1530,297.0,69.5269119345812,332.0,0.8945783132530121,23.664070377353834,16.488995683592858
1531,924.0,123.53910524340094,997.0,0.9267803410230692,37.66440995963097,32.11518168941233
1532,116.0,41.79898987322333,126.0,0.9206349206349206,14.74031954117225,10.171070982797058
1533,425.0,82.76955262170048,451.0,0.9423503325942351,29.741243955858263,19.202787995019214
1534,274.0,69.84062043356595,305.0,0.898360655737705,23.0526217996289,15.777305540915837
1535,186.0,57.11269837220809,215.0,0.8651162790697674,19.747407221676337,12.735555611986202
1536,226.0,63.526911934581186,251.0,0.900398406374502,22.78321837312788,13.354058015762881
1537,155.0,46.62741699796952,170.0,0.9117647058823529,15.978804909575853,12.571523562873812
1538,320.0,80.35533905932738,376.0,0.851063829787234,26.91110345110665,15.892716839604097
1539,108.0,46.62741699796952,135.0,0.8,17.158288469320212,8.842812425409294
1540,101.0,37.79898987322333,113.0,0.8938053097345132,12.593667114215817,10.469859529913807
1541,402.0,79.84062043356595,431.0,0.9327146171693735,29.90353909211874,17.484339107595307
1542,411.0,79.25483399593904,442.0,0.9298642533936652,27.188263297770696,19.949658139022734
1543,202.0,57.11269837220809,228.0,0.8859649122807017,18.524510147703314,14.518074639627939
1544,605.0,114.5685424949238,727.0,0.8321870701513068,35.02271418348022,25.793291831194704
1545,136.0,43.21320343559643,146.0,0.9315068493150684,16.299109958636205,10.661953378738987
1546,278.0,65.94112549695427,303.0,0.9174917491749175,21.81836393605806,16.940763858759954
1547,110.0,38.970562748477136,122.0,0.9016393442622951,13.16449080640846,10.843864852924115
1548,604.0,109.9827560572969,687.0,0.8791848617176128,37.3522265717966,21.983090824214436
1549,143.0,46.526911934581186,154.0,0.9285714285714286,18.620691276612668,9.862954746583643
1550,132.0,42.62741699796952,142.0,0.9295774647887324,14.76267604115585,11.534514754898542
1551,733.0,119.15432893255071,833.0,0.879951980792317,38.98765225110175,24.92619844436972
1552,107.0,39.798989873223334,121.0,0.8842975206611571,14.665906125924305,9.393710345982964
1553,846.0,169.19595949289334,1111.0,0.7614761476147615,39.95362779780961,34.10744912491935
1554,192.0,52.526911934581186,207.0,0.927536231884058,16.45366922563064,15.055520452540609
1555,125.0,48.2842712474619,152.0,0.8223684210526315,17.800099443905136,9.713804393083485
1556,102.0,38.970562748477136,113.0,0.9026548672566371,14.812533015466222,8.89434846841755
1557,113.0,38.384776310850235,124.0,0.9112903225806451,12.893374701510496,11.223125902765805
1558,118.0,40.62741699796952,134.0,0.8805970149253731,12.571153419837207,12.011294120147003
1559,138.0,45.45584412271571,152.0,0.9078947368421053,17.508284027524155,10.123113341451429
1560,217.0,66.31980515339464,259.0,0.8378378378378378,22.529307787718217,13.158587314211122
1561,762.0,115.98275605729688,834.0,0.9136690647482014,35.10248736671204,28.425350073796658
1562,808.0,112.32590180780451,861.0,0.9384436701509872,36.31310026972847,28.791588233988143
1563,129.0,45.45584412271571,146.0,0.8835616438356164,17.44267017173715,9.606218172738782
1564,162.0,45.798989873223334,173.0,0.9364161849710982,15.642703932615412,13.219481010194798
1565,865.0,133.0538238691624,980.0,0.8826530612244898,45.42651595010755,26.200620935480025
1566,2161.0,268.5929291125633,2579.0,0.8379216750678558,59.61579752510151,54.39098856754405
1567,317.0,79.42640687119285,373.0,0.8498659517426274,30.24499800307122,14.341576644486288
1568,425.0,83.35533905932738,456.0,0.9320175438596491,31.40493419043325,17.76702763898099
1569,310.0,76.5269119345812,358.0,0.8659217877094972,24.083668612891117,18.82608632540891
1570,214.0,53.21320343559643,226.0,0.9469026548672567,18.414044448500814,14.877433418849897
1571,111.0,42.04163056034261,126.0,0.8809523809523809,14.089953399726419,10.484069331330392
1572,120.0,50.52691193458118,154.0,0.7792207792207793,18.376179092088165,9.634396583650549
1573,1930.0,218.03657992645927,2234.0,0.8639212175470009,62.44078461356411,41.77927632674458
1574,417.0,84.18376618407356,459.0,0.9084967320261438,29.829782991025994,18.171052587498117
1575,1973.0,216.48023074035524,2258.0,0.8737821080602303,68.14075617058568,39.194441874625966
1576,132.0,47.698484809834994,151.0,0.8741721854304636,16.01525366052417,10.816279734996128
1577,146.0,48.04163056034261,161.0,0.906832298136646,18.238835928901253,10.463465109111908
1578,116.0,41.21320343559643,131.0,0.8854961832061069,12.809520019689957,11.844991795458723
1579,106.0,40.970562748477136,122.0,0.8688524590163934,16.366101937492775,8.434602504229066
1580,257.0,65.11269837220809,284.0,0.9049295774647887,25.069888784571397,13.668289936226461
1581,996.0,130.91168824543144,1105.0,0.9013574660633484,43.832129872773216,30.858299646972924
1582,115.0,40.04163056034261,127.0,0.905511811023622,14.580497431461518,10.144264777876131
1583,125.0,43.45584412271571,141.0,0.8865248226950354,14.272027198333747,11.354150239010485
1584,1969.0,180.74621202458746,2086.0,0.9439117929050815,56.49509019852635,46.00417880499765
1585,316.0,72.42640687119285,343.0,0.9212827988338192,28.019029732683506,14.619732165017938
1586,263.0,63.94112549695428,284.0,0.926056338028169,23.75152828926766,14.513974658489435
1587,109.0,44.21320343559643,130.0,0.8384615384615385,13.07710106101142,11.438830676657236
1588,250.0,69.11269837220809,287.0,0.8710801393728222,22.518861872925584,15.00936440853171
1589,155.0,59.11269837220809,184.0,0.842391304347826,25.278079790290374,8.248446611439606
1590,143.0,46.04163056034261,158.0,0.9050632911392406,15.364110696243939,12.387844840987626
1591,736.0,122.60407640085654,847.0,0.8689492325855962,38.10284977204072,25.8735762815853
1592,366.0,76.76955262170047,395.0,0.9265822784810127,26.079688146430957,18.305335742108742
1593,166.0,50.62741699796952,182.0,0.9120879120879121,19.62383106856826,10.922750273052435
1594,184.0,52.2842712474619,200.0,0.92,20.075290465817893,11.934870121259795
1595,252.0,59.4558441227157,269.0,0.9368029739776952,21.03485445557834,15.3889606021032
1596,104.0,40.04163056034262,117.0,0.8888888888888888,15.350647748793156,8.673034014571568
1597,212.0,58.87005768508881,239.0,0.8870292887029289,18.244744827363633,15.676465535803853
1598,111.0,46.2842712474619,132.0,0.8409090909090909,19.408010622264538,7.975279011631489
1599,205.0,53.798989873223334,219.0,0.9360730593607306,20.54188326626329,12.773442588569967
1600,318.0,76.42640687119285,355.0,0.895774647887324,26.055261495155182,16.795716559596997
1601,374.0,89.49747468305833,446.0,0.8385650224215246,29.993270045556304,17.880173794179907
1602,103.0,36.14213562373095,112.0,0.9196428571428571,12.464861919429486,10.526645688685
1603,173.0,50.62741699796952,189.0,0.9153439153439153,17.554276930797133,12.93932886316747
1604,146.0,43.79898987322333,157.0,0.9299363057324841,14.859949734165234,12.53804353436061
1605,642.0,98.84062043356593,684.0,0.9385964912280702,34.576407408963675,24.0653753087281
1606,121.0,39.79898987322333,132.0,0.9166666666666666,13.724588201690695,11.279795812729759
1607,100.0,36.970562748477136,112.0,0.8928571428571429,11.93711144974463,10.904960808566695
1608,103.0,40.17766952966369,121.0,0.8512396694214877,12.8439719678198,10.80031769731907
1609,161.0,49.21320343559643,177.0,0.9096045197740112,17.458696315197898,12.018352152003384
1610,147.0,45.21320343559643,159.0,0.9245283018867925,16.31677156251826,11.605378231647586
1611,225.0,61.35533905932738,250.0,0.9,23.0549845322978,12.832360879681232
1612,145.0,44.62741699796952,155.0,0.9354838709677419,17.157445262012953,10.792977999719653
1613,176.0,51.698484809834994,197.0,0.8934010152284264,15.832609488642582,14.644970843092207
1614,483.0,88.76955262170047,527.0,0.9165085388994307,28.051514675117428,22.32424980757282
1615,253.0,66.2842712474619,281.0,0.900355871886121,25.275660976261634,13.07633653249219
1616,202.0,66.5269119345812,251.0,0.8047808764940239,23.57913730868093,13.311290093704125
1617,2226.0,215.44469683442247,2451.0,0.9082007343941249,65.39470430983481,44.89567837631875
1618,145.0,46.87005768508881,159.0,0.9119496855345912,17.384446576035327,10.805745350685251
1619,1158.0,145.4386001800126,1259.0,0.9197776012708498,51.5983295417611,29.137071079998144
1620,593.0,95.7401153701776,643.0,0.9222395023328149,30.58918231724792,25.535468915469277
1621,263.0,63.94112549695428,280.0,0.9392857142857143,24.181661014839765,14.066471169041629
1622,284.0,70.2842712474619,312.0,0.9102564102564102,27.818194706329162,13.254376393789302
1623,465.0,87.01219330881975,504.0,0.9226190476190477,30.480802850747136,19.77507691945521
1624,152.0,45.4558441227157,164.0,0.926829268292683,15.006170791071325,13.046890353049216
1625,374.0,75.76955262170047,404.0,0.9257425742574258,27.159765644599403,17.707975231130547
1626,116.0,44.14213562373095,128.0,0.90625,18.864110676100722,7.882778319600913
1627,538.0,99.5685424949238,598.0,0.8996655518394648,34.76746623867388,20.722746344046126
1628,100.0,36.970562748477136,111.0,0.9009009009009009,12.852618863690234,10.004828251635006
1629,559.0,104.5685424949238,645.0,0.8666666666666667,28.93331851179685,27.260450565889254
1630,134.0,44.62741699796952,150.0,0.8933333333333333,15.80789313942021,11.126864165666557
1631,210.0,59.8700576850888,230.0,0.9130434782608695,23.78790655493332,11.379338027025431
1632,602.0,102.66904755831214,665.0,0.9052631578947369,29.87432006509873,27.18139738397526
1633,140.0,44.62741699796952,152.0,0.9210526315789473,15.447390750161256,11.823297505763422
1634,365.0,72.52691193458118,387.0,0.9431524547803618,25.147415833944994,18.67028110552694
1635,127.0,42.970562748477136,136.0,0.9338235294117647,16.99667161524068,9.642529011317272
1636,354.0,92.66904755831214,447.0,0.7919463087248322,30.63066065762548,17.962620352135104
1637,194.0,53.698484809834994,210.0,0.9238095238095239,18.650098266070263,13.602058927017696
1638,116.0,42.21320343559643,131.0,0.8854961832061069,15.17310812270513,9.944751081962435
1639,398.0,79.01219330881975,434.0,0.9170506912442397,27.132661680458206,19.535911961422492
1640,275.0,67.698484809835,305.0,0.9016393442622951,24.30955886839609,14.696782990457919
1641,350.0,75.42640687119285,385.0,0.9090909090909091,25.90230786209611,17.666548075008357
1642,164.0,50.4558441227157,183.0,0.8961748633879781,17.318496282541194,12.587472479815311
1643,198.0,54.62741699796952,215.0,0.9209302325581395,21.060551745546995,12.054841112652324
1644,101.0,42.04163056034261,116.0,0.8706896551724138,17.07199151327078,7.772933225567307
1645,4226.0,282.350288425444,4683.0,0.9024129831304719,77.09953874398815,73.09354176052166
1646,913.0,133.88225099390854,1015.0,0.8995073891625616,45.00020580380035,26.973232660255206
1647,106.0,39.62741699796952,118.0,0.8983050847457628,12.824797415101854,10.898158297642071
1648,110.0,38.970562748477136,122.0,0.9016393442622951,14.152438767173589,9.92364473745843
1649,278.0,67.698484809835,311.0,0.8938906752411575,23.826876381683185,15.205081743561212
1650,149.0,49.45584412271571,170.0,0.8764705882352941,15.401961425370361,13.119467395976235
1651,103.0,38.62741699796952,117.0,0.8803418803418803,12.59594905323121,10.709287954078649
1652,386.0,87.6335136523794,432.0,0.8935185185185185,27.75501998771397,18.95536996845303
1653,124.0,55.11269837220809,160.0,0.775,23.059501715391054,8.087982940562245
1654,146.0,44.62741699796952,160.0,0.9125,14.820703566867078,12.634978184567867
1655,1533.0,161.19595949289334,1640.0,0.9347560975609757,54.30368057924781,36.39464675150611
1656,109.0,45.698484809834994,128.0,0.8515625,18.079461560345543,7.975458954830672
1657,253.0,63.698484809834994,264.0,0.9583333333333334,22.95206122088632,15.17838618568693
1658,200.0,57.94112549695428,220.0,0.9090909090909091,22.09158150832177,11.801289186405674
1659,629.0,133.0538238691624,802.0,0.78428927680798,39.99618676753993,23.58223349179531
1660,117.0,41.798989873223334,133.0,0.8796992481203008,14.752896425355292,10.530168343323249
1661,442.0,83.42640687119285,475.0,0.9305263157894736,28.546231797263047,20.310365397874634
1662,204.0,56.00609665440987,230.0,0.8869565217391304,18.650273074360516,14.484957321573305
1663,940.0,123.05382386916237,1008.0,0.9325396825396826,41.550116021457264,29.215670305911555
1664,470.0,93.9827560572969,533.0,0.8818011257035647,28.742652960251778,22.163723892990518
1665,228.0,56.2842712474619,243.0,0.9382716049382716,19.36724221169914,15.05034497507244
1666,246.0,64.2842712474619,275.0,0.8945454545454545,23.863550912136564,13.997078528975857
1667,135.0,41.798989873223334,145.0,0.9310344827586207,13.37225422500386,12.9607888944417
1668,135.0,43.21320343559643,145.0,0.9310344827586207,15.643011610241665,11.187728486812198
1669,117.0,40.04163056034261,128.0,0.9140625,14.909789546805676,10.11266190485086
1670,867.0,134.95331880577402,1000.0,0.867,39.609763864591514,29.32619532046855
1671,614.0,100.25483399593904,655.0,0.9374045801526718,34.09595676785754,23.46450570028302
1672,209.0,59.59797974644666,235.0,0.8893617021276595,17.192931990567907,15.999747711123481
1673,100.0,37.21320343559643,114.0,0.8771929824561403,11.795063102222205,10.879103199004792
1674,744.0,108.81118318204308,790.0,0.9417721518987342,33.020498731039865,29.639616220559983
1675,202.0,53.698484809834994,220.0,0.9181818181818182,17.052225250063117,15.236969744613559
1676,311.0,69.79898987322333,329.0,0.9452887537993921,23.05770137760636,17.619342425282632
1677,190.0,55.89949493661166,196.0,0.9693877551020408,22.6415154532347,11.178233926475423
1678,1502.0,201.33809511662426,1808.0,0.8307522123893806,52.013592542383826,40.8433776769631
1679,150.0,52.04163056034261,178.0,0.8426966292134831,18.95730386588027,10.8526375249426
1680,164.0,48.87005768508881,181.0,0.9060773480662984,17.301662794154606,12.160213278741981
1681,206.0,56.87005768508881,226.0,0.911504424778761,18.751746743388797,14.605848233860936
1682,122.0,46.62741699796952,141.0,0.8652482269503546,18.584273705488766,8.675814586882069
1683,106.0,38.62741699796952,113.0,0.9380530973451328,15.23492486475994,9.013870364828918
1684,323.0,71.11269837220809,351.0,0.9202279202279202,24.940941368964662,16.998068924328194
1685,144.0,45.45584412271571,159.0,0.9056603773584906,14.751739753899718,12.685490454072921
1686,138.0,45.21320343559643,153.0,0.9019607843137255,15.878119939443938,11.234884569064794
1687,230.0,61.94112549695428,256.0,0.8984375,21.686933126031082,14.312857044162769
1688,1292.0,171.1959594928933,1439.0,0.8978457261987491,45.59526941819217,38.80283391639588
1689,243.0,60.284271247461895,259.0,0.9382239382239382,22.062096335242305,14.341879860091192
1690,185.0,50.04163056034261,199.0,0.9296482412060302,16.90718948162083,14.025158603541133
1691,610.0,116.9827560572969,752.0,0.8111702127659575,31.52856717343281,26.995315622068237
1692,128.0,43.21320343559643,142.0,0.9014084507042254,16.397586844095148,10.00937086261458
1693,139.0,44.2842712474619,153.0,0.9084967320261438,14.544576304647546,12.356975043820393
1694,362.0,81.49747468305833,398.0,0.9095477386934674,32.3318955345747,14.744009299481057
1695,274.0,75.01219330881976,310.0,0.8838709677419355,31.37350002297422,11.643438435329886
1696,406.0,90.18376618407356,466.0,0.871244635193133,33.69477981552045,15.918664645328663
1697,124.0,41.45584412271571,137.0,0.9051094890510949,13.71094475116682,11.720807128045593
1698,299.0,66.90559159102153,327.0,0.9143730886850153,23.329710974951848,16.508833360468646
1699,770.0,123.22539674441617,871.0,0.8840413318025259,41.13661418455958,25.104540183857228
1700,114.0,39.798989873223334,125.0,0.912,14.182024079103085,10.340483290532898
1701,110.0,40.384776310850235,121.0,0.9090909090909091,14.835958578378584,9.6637750354956
1702,151.0,48.38477631085023,165.0,0.9151515151515152,19.357424693108477,10.091324105478943
1703,114.0,41.21320343559643,130.0,0.8769230769230769,14.985797312571284,10.026967033343443
1704,899.0,131.46803743153546,1006.0,0.8936381709741551,40.525768189298354,29.985910614710484
1705,268.0,67.8700576850888,297.0,0.9023569023569024,25.652283533293527,13.84678122149035
1706,133.0,44.62741699796952,149.0,0.8926174496644296,16.19025086205293,10.58686297683645
1707,140.0,51.07716446627535,172.0,0.813953488372093,14.811117394583308,13.329014902031044
1708,104.0,40.62741699796952,121.0,0.859504132231405,12.99056029961126,10.694095861615889
1709,231.0,58.87005768508881,251.0,0.9203187250996016,20.84526573897284,14.260869081101493
1710,144.0,44.04163056034261,156.0,0.9230769230769231,14.91203659631468,12.478623365314842
1711,432.0,100.9827560572969,517.0,0.8355899419729207,34.303520893897954,17.599302450305355
1712,347.0,73.01219330881975,369.0,0.940379403794038,26.44296616612452,16.9443096995478
1713,210.0,79.25483399593904,293.0,0.7167235494880546,23.43103719294476,16.22824200172241
1714,100.0,39.21320343559643,115.0,0.8695652173913043,14.105108714136197,9.28290408021106
1715,214.0,60.698484809834994,239.0,0.895397489539749,19.89183793791121,14.68695069514114
1716,443.0,90.46194077712559,495.0,0.8949494949494949,27.573629583466822,21.023517379942668
1717,107.0,38.970562748477136,120.0,0.8916666666666667,12.998302370055432,10.680572012220507
1718,2492.0,299.2497833620557,3029.0,0.8227137669197755,85.04871551632937,42.68142227603837
1719,123.0,45.45584412271571,140.0,0.8785714285714286,17.425302938449693,9.263115620166987
1720,483.0,96.5685424949238,533.0,0.9061913696060038,34.86475453212469,18.161026352782585
1721,311.0,66.8700576850888,330.0,0.9424242424242424,21.81480631568495,18.706389610780867
1722,105.0,51.2842712474619,144.0,0.7291666666666666,18.635236803984036,8.945314539315246
1723,1354.0,194.50966799187808,1622.0,0.8347718865598027,51.85001803660001,36.81834344106251
1724,133.0,48.04163056034261,153.0,0.869281045751634,15.897749021826222,11.127977083202847
1725,415.0,89.66904755831214,469.0,0.8848614072494669,30.730736390428174,18.398241528206785
1726,149.0,45.21320343559643,162.0,0.9197530864197531,16.433545316738098,11.630852343849552
1727,165.0,49.4558441227157,178.0,0.9269662921348315,16.581688125010604,13.094215947694064
1728,321.0,78.80508652763321,365.0,0.8794520547945206,26.396532369183387,16.136956563641238
1729,1372.0,191.92388155425118,1662.0,0.825511432009627,51.85729778464865,36.37400818421712
1730,160.0,52.31980515339464,191.0,0.837696335078534,17.135019823038625,12.786510300471873
1731,287.0,77.59797974644665,338.0,0.849112426035503,22.846157845418066,17.829017866208204
1732,251.0,63.49137802864845,276.0,0.9094202898550725,21.909309944501846,15.184145920685818
1733,275.0,71.01219330881975,308.0,0.8928571428571429,27.24904702965784,13.230923255403276
1734,116.0,42.04163056034261,132.0,0.8787878787878788,13.349405532247342,11.479611549577067
1735,293.0,70.87005768508881,323.0,0.9071207430340558,21.306269071257375,18.472027992546302
1736,138.0,52.2842712474619,168.0,0.8214285714285714,18.242965118802903,10.963494626823358
1737,322.0,79.56244584051393,376.0,0.8563829787234043,23.81916761645459,19.17417508273499
1738,376.0,85.84062043356595,439.0,0.856492027334852,31.236768505723735,16.201028503020396
1739,192.0,59.11269837220809,224.0,0.8571428571428571,19.995716727246396,12.943129883255818
1740,697.0,124.8111831820431,819.0,0.851037851037851,34.08314586867574,28.300383122446412
1741,113.0,40.384776310850235,127.0,0.889763779527559,13.541026532157428,10.792324128743537
1742,234.0,68.2842712474619,283.0,0.8268551236749117,27.687030698072995,12.206194813086896
1743,280.0,66.76955262170047,307.0,0.9120521172638436,23.807251695486357,15.160786938193972
1744,186.0,56.698484809834994,211.0,0.8815165876777251,19.38435014613451,12.618159482112306
1745,125.0,51.45584412271571,148.0,0.8445945945945946,21.29832986347759,7.782439272265386
1746,104.0,39.87005768508881,114.0,0.9122807017543859,16.051657273527187,8.365516884073498
1747,338.0,83.08326112068524,385.0,0.8779220779220779,31.674282114135433,14.176372469315268
1748,756.0,129.9827560572969,894.0,0.8456375838926175,46.238617370622435,23.589925110610153
1749,1155.0,174.2670273047588,1407.0,0.8208955223880597,50.965233708985735,31.779840266150167
1750,119.0,47.698484809834994,142.0,0.8380281690140845,17.707817327373544,9.096756546641236
1751,539.0,119.63961030678928,660.0,0.8166666666666667,50.92449658303568,15.554447983446925
1752,272.0,80.66904755831214,328.0,0.8292682926829268,31.2486023780664,12.288011287015541
1753,260.0,74.76955262170047,317.0,0.8201892744479495,25.721142104989283,14.286928989086764
1754,147.0,50.45584412271571,167.0,0.8802395209580839,19.00098614570744,10.312757374218535
1755,144.0,50.2842712474619,163.0,0.8834355828220859,17.191878544789418,11.037546348041301
1756,163.0,48.62741699796952,177.0,0.9209039548022598,16.41063616600052,12.9463054482656
1757,703.0,139.88225099390854,903.0,0.778516057585825,38.26917358414432,27.281418174507145
1758,199.0,67.01219330881975,232.0,0.8577586206896551,28.632708175888652,9.2800042193401
1759,597.0,112.81118318204308,683.0,0.8740849194729137,40.196551731271285,19.723765288774118
1760,182.0,51.45584412271571,195.0,0.9333333333333333,17.852790675910597,13.245355403731791
1761,549.0,108.39696961967,636.0,0.8632075471698113,38.345944331728674,19.535226882514298
1762,148.0,47.45584412271571,163.0,0.9079754601226994,17.534214690630932,10.98763334612249
1763,182.0,50.526911934581186,195.0,0.9333333333333333,17.57709642499753,13.355321190512239
1764,127.0,44.62741699796952,144.0,0.8819444444444444,16.783780203609812,9.85618220996988
1765,161.0,50.62741699796952,183.0,0.8797814207650273,16.50472829620564,13.160836454437606
1766,139.0,64.59188309203678,168.0,0.8273809523809523,30.317887263264687,6.765442454659442
1767,799.0,153.1959594928933,972.0,0.8220164609053497,51.4802007357775,22.35143070255329
1768,266.0,71.35533905932738,306.0,0.869281045751634,25.604676193694875,14.384929419980141
1769,110.0,41.21320343559643,123.0,0.8943089430894309,15.154111871611418,9.363150957985491
1770,229.0,58.8700576850888,249.0,0.9196787148594378,18.410348082575428,16.551432360153445
1771,498.0,91.84062043356595,543.0,0.9171270718232044,32.248329581365745,20.08387313019241
1772,122.0,43.04163056034261,137.0,0.8905109489051095,14.765494800267371,10.951999883043607
1773,105.0,39.21320343559643,119.0,0.8823529411764706,13.88277299981543,9.890541382903848
1774,136.0,48.2842712474619,161.0,0.84472049689441,17.730055746019993,10.514603556430732
1775,236.0,69.01219330881976,266.0,0.8872180451127819,28.01203119039709,11.257417153324946
1776,1948.0,240.45079348883235,2664.0,0.7312312312312312,64.92451568776517,52.342104739847585
1777,146.0,51.698484809834994,169.0,0.863905325443787,20.032010929980615,9.70859995214384
1778,329.0,90.66904755831213,414.0,0.7946859903381642,31.679254802199825,15.207569481198066
1779,265.0,71.73401871576773,311.0,0.8520900321543409,23.215622574678115,15.516557900362235
1780,147.0,53.4558441227157,173.0,0.8497109826589595,21.79199699484859,8.949189686396338
1781,193.0,57.76955262170047,220.0,0.8772727272727273,19.394963928372235,13.404428330598462
1782,129.0,45.21320343559643,148.0,0.8716216216216216,14.636210872093455,12.013380993486281
1783,289.0,72.8700576850888,335.0,0.8626865671641791,25.56705966951519,15.205864432837442
1784,264.0,82.08326112068522,319.0,0.8275862068965517,35.027679934973456,10.585244689262108
1785,169.0,53.45584412271571,191.0,0.8848167539267016,19.014867925404882,11.559398784920315
1786,130.0,45.45584412271571,145.0,0.896551724137931,17.04584398210756,9.934800854894117
1787,130.0,43.45584412271571,144.0,0.9027777777777778,15.997637842896166,10.583221510030707
1788,178.0,56.90559159102155,209.0,0.8516746411483254,21.055926043399285,11.33736615787414
1789,274.0,71.42640687119285,321.0,0.8535825545171339,24.49004740733095,15.028335786468327
1790,788.0,137.12489168102783,933.0,0.8445873526259379,42.15766369183437,26.83214860702267
1791,392.0,86.66904755831213,444.0,0.8828828828828829,27.911634526854986,19.261647005847802
1792,411.0,95.74011537017762,491.0,0.8370672097759674,32.578404875670586,17.4236402462004
1793,299.0,78.66904755831214,347.0,0.861671469740634,28.079796921705952,15.05049830825764
1794,152.0,61.35533905932738,196.0,0.7755102040816326,20.638370030299992,11.559352244856534
1795,138.0,52.62741699796952,160.0,0.8625,22.71892885126986,8.019027260893067
1796,204.0,65.698484809835,241.0,0.8464730290456431,27.08354256104242,10.018321543949746
1797,187.0,55.11269837220809,209.0,0.8947368421052632,18.13157700253604,13.628462024069515
1798,240.0,62.8700576850888,263.0,0.9125475285171103,24.466412260853115,12.748069743811708
1799,373.0,91.74011537017762,456.0,0.8179824561403509,30.41351349627414,17.819109969883737
1800,155.0,51.62741699796952,175.0,0.8857142857142857,18.729718999209993,10.894917563159016
1801,134.0,48.04163056034261,154.0,0.8701298701298701,18.916652669980493,9.478368405179944
1802,107.0,43.698484809834994,122.0,0.8770491803278688,18.730575185433217,7.421857856737266
1803,297.0,75.94112549695427,334.0,0.8892215568862275,25.107075310729527,15.461802015782473
1804,482.0,105.01219330881975,546.0,0.8827838827838828,44.534747868480046,14.16886419775918
1805,147.0,56.2842712474619,188.0,0.7819148936170213,21.889961467486877,9.917253430829254
1806,539.0,119.56854249492379,695.0,0.7755395683453238,38.64509180606027,21.434213260414538
1807,170.0,59.012193308819754,192.0,0.8854166666666666,25.611790435841453,8.660209908151145
1808,370.0,86.2193000900063,429.0,0.8624708624708625,29.902297078596714,16.82943110774093
1809,194.0,61.35533905932738,221.0,0.8778280542986425,25.363843099970317,10.123708365263115
1810,110.0,42.04163056034261,127.0,0.8661417322834646,14.781603032827492,9.922447056122696
1811,459.0,97.49747468305833,547.0,0.8391224862888482,35.64959538644254,18.867922349304873
1812,115.0,39.798989873223334,124.0,0.9274193548387096,13.431729904706595,11.233691073367202
1813,382.0,96.08326112068522,465.0,0.821505376344086,31.69910322520824,18.40884008119064
1814,156.0,63.35533905932738,200.0,0.78,22.80878844400808,10.3205589149718
1815,102.0,39.798989873223334,117.0,0.8717948717948718,14.326826728928127,9.503475462978052
1816,219.0,64.52691193458118,254.0,0.8622047244094488,24.657651580792486,12.161951503527902
1817,118.0,41.798989873223334,132.0,0.8939393939393939,14.769064853870114,10.572222062170122
1818,149.0,50.04163056034261,172.0,0.8662790697674418,17.34759637091623,11.67523507712374
1819,138.0,46.62741699796952,154.0,0.8961038961038961,14.982637573987898,12.44981895597125
1820,623.0,108.63961030678928,692.0,0.9002890173410405,40.451770782685585,20.57024251528254
1821,135.0,44.62741699796952,151.0,0.8940397350993378,13.9379160540713,12.94219540864638
1822,152.0,50.62741699796952,175.0,0.8685714285714285,17.189835077923142,11.891470763493093
1823,147.0,51.45584412271571,169.0,0.8698224852071006,20.57349556225811,9.586465995487819
1824,567.0,153.1959594928933,938.0,0.6044776119402985,54.20869633350797,23.065066637514697
1825,114.0,39.79898987322333,127.0,0.8976377952755905,13.215559176546595,11.099079330255103
1826,2096.0,229.55129855222071,2631.0,0.7966552641581148,74.47154827787799,42.24065992422251
1827,322.0,84.42640687119285,391.0,0.8235294117647058,31.286371835247113,14.489053135969838
1828,117.0,42.62741699796952,134.0,0.8731343283582089,13.382946238615489,11.71318053193118
1829,483.0,124.71067811865476,621.0,0.7777777777777778,50.17940522029615,13.726066778175024
1830,1352.0,199.82337649086284,1724.0,0.7842227378190255,54.425755790850744,37.94748201737041
1831,183.0,62.2842712474619,218.0,0.8394495412844036,25.991697986287285,9.335539102425342
1832,105.0,47.112698372208094,126.0,0.8333333333333334,20.71451407212163,6.763746878412883
1833,719.0,129.88225099390857,821.0,0.8757612667478685,49.4255182628419,20.677482302315497
1834,172.0,53.11269837220809,197.0,0.8730964467005076,17.382619752826066,13.331536819044585
1835,214.0,81.25483399593904,274.0,0.781021897810219,22.26898991966242,15.51333833389047
1836,240.0,68.45584412271572,288.0,0.8333333333333334,21.56555135791494,16.032052795925896
1837,117.0,42.62741699796952,133.0,0.8796992481203008,15.156431055882555,10.073491652435342
1838,105.0,38.38477631085023,118.0,0.8898305084745762,12.039195186535064,11.210604051793513
1839,627.0,113.7401153701776,721.0,0.869625520110957,42.937973044927155,20.130897094891097
1840,235.0,66.66295090390226,274.0,0.8576642335766423,20.997513287730445,15.283186193701793
1841,114.0,42.87005768508881,133.0,0.8571428571428571,15.304710608800569,9.97925197558383
1842,117.0,50.87005768508881,146.0,0.8013698630136986,19.842120614441647,8.43029380173699
1843,107.0,39.79898987322333,120.0,0.8916666666666667,14.914990564969377,9.319001094592645
1844,217.0,60.45584412271571,236.0,0.9194915254237288,20.14820116495955,15.247947527748607
1845,311.0,71.35533905932738,342.0,0.9093567251461988,23.009108693715618,17.944636988196653
1846,170.0,54.38477631085024,188.0,0.9042553191489362,23.11056059322974,9.462670208506749
1847,174.0,50.87005768508881,189.0,0.9206349206349206,18.755185789214913,11.986203989397456
1848,473.0,104.91168824543142,563.0,0.8401420959147424,38.08527096114076,18.243407244997574
1849,1322.0,181.92388155425118,1546.0,0.8551099611901681,60.72116609702514,29.44951414571635
1850,226.0,65.11269837220809,259.0,0.8725868725868726,23.76432159914291,12.958172542036825
1851,1278.0,180.36753236814712,1490.0,0.8577181208053691,60.05179289906599,28.51378307823068
1852,523.0,112.22539674441617,594.0,0.8804713804713805,44.043001271087164,15.93592577342322
1853,222.0,74.76955262170047,262.0,0.8473282442748091,28.070387024999366,11.070300181850191
1854,236.0,63.35533905932738,259.0,0.9111969111969112,23.089305337553586,14.007396689699783
1855,100.0,37.55634918610404,111.0,0.9009009009009009,14.108274288659937,9.113319735197326
1856,112.0,44.62741699796952,137.0,0.8175182481751825,16.997520087592374,9.043623001559865
1857,212.0,58.526911934581186,239.0,0.8870292887029289,17.375643292825842,16.43202812991638
1858,103.0,39.21320343559643,117.0,0.8803418803418803,13.815879273899965,9.81669003084616
1859,254.0,65.94112549695429,280.0,0.9071428571428571,20.975060937904125,17.035431047361058
1860,140.0,60.11269837220809,180.0,0.7777777777777778,22.439619076598465,9.114186395742735
1861,159.0,53.4558441227157,184.0,0.8641304347826086,19.152027544752563,11.114909086629146
1862,108.0,47.4558441227157,130.0,0.8307692307692308,19.70790410411669,7.492686698199193
1863,457.0,92.08326112068522,505.0,0.904950495049505,31.211522464153912,19.58550011411582
1864,442.0,95.49747468305833,502.0,0.8804780876494024,35.1861498592132,16.926038652275523
1865,110.0,38.970562748477136,122.0,0.9016393442622951,14.081207397924675,10.042912629531331
1866,169.0,66.76955262170047,213.0,0.7934272300469484,27.133722696704762,8.870453191498072
1867,145.0,47.79898987322333,161.0,0.9006211180124224,18.695300569940123,10.115768907742023
1868,159.0,67.18376618407356,210.0,0.7571428571428571,24.36708153332784,10.362780647991658
1869,132.0,46.04163056034261,153.0,0.8627450980392157,15.010111121941927,11.500930545354466
1870,239.0,69.94112549695427,289.0,0.8269896193771626,23.08343173948835,15.062563333768619
1871,243.0,63.698484809834994,274.0,0.8868613138686131,21.903646819342445,14.743989589051013
1872,142.0,55.698484809834994,174.0,0.8160919540229885,22.911410057048293,8.360388328693494
1873,282.0,77.94112549695427,342.0,0.8245614035087719,29.318051717337458,13.226459977246575
1874,466.0,92.42640687119285,523.0,0.8910133843212237,29.44561316736773,20.927384086390173
1875,114.0,46.04163056034261,133.0,0.8571428571428571,18.922529460596472,7.768902983969074
1876,197.0,67.35533905932738,239.0,0.8242677824267782,28.19687024571697,9.674776617315654
1877,242.0,60.97056274847714,261.0,0.9272030651340997,19.208388512388744,16.914883497794186
1878,248.0,70.5269119345812,289.0,0.8581314878892734,27.9763252694599,11.956609058249004
1879,106.0,40.04163056034261,118.0,0.8983050847457628,14.8260765846792,9.346129918552478
1880,311.0,85.49747468305833,369.0,0.8428184281842819,31.17136798689055,14.36473282074645
1881,162.0,53.698484809834994,186.0,0.8709677419354839,19.93221636465494,11.188993110495819
1882,217.0,79.59797974644667,290.0,0.7482758620689656,32.23540123037143,9.812126831428046
1883,146.0,49.45584412271571,170.0,0.8588235294117647,15.937773334098951,12.740040901640267
1884,245.0,74.18376618407356,294.0,0.8333333333333334,26.635731024103958,13.246686722087416
1885,169.0,56.52691193458118,199.0,0.8492462311557789,20.679450271845347,11.38957126424113
1886,114.0,42.45584412271571,129.0,0.8837209302325582,13.75875021766497,10.963352572062139
1887,109.0,45.21320343559643,132.0,0.8257575757575758,18.289293644772,8.092731996018285
1888,122.0,47.698484809834994,143.0,0.8531468531468531,20.31007220113258,7.888144024427639
1889,406.0,88.59797974644667,482.0,0.8423236514522822,26.51696759390703,22.27622229418902
1890,101.0,37.79898987322333,113.0,0.8938053097345132,13.839884167800706,9.474352777877197
1891,119.0,44.04163056034261,135.0,0.8814814814814815,15.416265967648389,10.06288731095541
1892,416.0,91.84062043356595,482.0,0.8630705394190872,31.597502438229856,17.739280333121304
1893,176.0,59.35533905932737,206.0,0.8543689320388349,18.383667918797563,12.870398548998047
1894,1073.0,159.57463914933368,1251.0,0.8577138289368506,42.23913682748383,34.614090019778885
1895,237.0,65.39087296526012,269.0,0.8810408921933085,21.28952067224198,14.517590707083277
1896,116.0,41.21320343559643,131.0,0.8854961832061069,13.338903823455468,11.29908687329616
1897,114.0,44.62741699796952,132.0,0.8636363636363636,15.3033023711353,10.11374575156626
1898,241.0,67.94112549695427,277.0,0.8700361010830325,23.139651692707606,14.208677777641878
1899,1202.0,169.6812408671319,1421.0,0.8458831808585503,50.980744362152116,34.059799981074434
1900,1095.0,145.9827560572969,1192.0,0.9186241610738255,51.398199452565144,28.144912608358705
1901,1140.0,162.8528137423857,1339.0,0.8513816280806572,50.65864133728013,30.67556590329117
1902,1268.0,173.53910524340094,1534.0,0.8265971316818774,50.17926783024136,37.69739860941907
1903,1006.0,155.78174593052023,1181.0,0.8518204911092294,51.82096577351,26.500292637063186
1904,1048.0,161.4386001800126,1231.0,0.851340373679935,51.31139813355392,28.121560087580416
1905,1020.0,139.78174593052023,1138.0,0.8963093145869947,44.161800222802796,30.374128607467142
1906,1703.0,206.16652224137044,2044.0,0.8331702544031311,62.735963432641704,38.89318425712875
1907,1001.0,156.36753236814712,1142.0,0.8765323992994746,53.94350167572131,25.289529101771382
1908,1313.0,173.78174593052023,1510.0,0.8695364238410596,47.59655021170336,37.008408259250615
1909,1699.0,181.33809511662426,1843.0,0.9218665219750407,60.160634731942274,36.69959860035864
1910,1272.0,153.39696961966996,1359.0,0.9359823399558499,56.097875935272576,30.10343201397101
