label,area,perimeter,convex_area,solidity,major_axis_length,minor_axis_length
1,790,150.71067811865478,899.0,0.8787541713014461,35.624859120812815,31.292490661938306
2,11478,652.002092041053,13169.0,0.8715923760346268,162.24614965855824,105.64123472043805
3,407,98.76955262170047,443.0,0.9187358916478555,35.10780162526411,16.797603411136567
4,261,64.87005768508881,272.0,0.9595588235294118,21.875944767087017,15.518070724313926
5,256,66.2842712474619,265.0,0.9660377358490566,22.69182937682511,15.390666898478832
6,170,51.79898987322333,178.0,0.9550561797752809,16.321926912705003,13.85317832149652
7,327,74.5269119345812,339.0,0.9646017699115044,27.180746971348302,15.860723136499665
8,285,72.76955262170047,292.0,0.976027397260274,28.32891633646351,13.228462811267242
9,388,82.62741699796953,402.0,0.9651741293532339,30.019396364847154,17.068695288218603
10,189,57.4558441227157,194.0,0.9742268041237113,22.169599477935623,11.167692858823335
11,147,48.62741699796951,152.0,0.9671052631578947,18.00187204130035,11.027921387875416
12,294,84.32590180780453,347.0,0.8472622478386167,24.126749412070563,18.103011342912072
13,214,60.52691193458118,227.0,0.9427312775330396,18.185756413561215,16.36120272341404
14,111,42.62741699796952,116.0,0.9568965517241379,14.801870930938144,9.980802062850634
15,3066,273.3380951166243,3401.0,0.9014995589532491,73.23477092937256,61.212949438329
16,202,57.698484809834994,214.0,0.9439252336448598,19.086013858328734,13.95407935554665
17,1381,188.88834764831842,1480.0,0.9331081081081081,44.84680661141299,41.14526465423068
18,211,58.42031021678297,223.0,0.9461883408071748,20.32209684228833,13.722711100914387
19,130,41.556349186104036,133.0,0.9774436090225563,13.713416725464253,12.165406403255126
20,112,42.87005768508881,112.0,1.0,16.940021243266365,8.75568134344144
21,2714,299.35028842544403,3337.0,0.8133053640994906,72.17570033035277,57.28501375609484
22,725,117.15432893255071,771.0,0.940337224383917,37.82635874429298,25.169613213801167
23,108,37.798989873223334,108.0,1.0,12.666315954434396,11.007758634534015
24,104,46.04163056034261,118.0,0.8813559322033898,17.33261531766312,8.270069873789778
25,250,89.91168824543144,315.0,0.7936507936507936,27.2017154686967,14.113700137103177
26,171,52.2842712474619,177.0,0.9661016949152542,18.094740262721952,12.577057367299693
27,138,42.384776310850235,138.0,1.0,14.728841927165496,11.953442264143101
28,253,72.87005768508881,255.0,0.9921568627450981,31.802031190560278,10.560440589956972
29,184,60.18376618407357,198.0,0.9292929292929293,22.656949867843625,11.053062205682803
30,313,82.28427124746189,321.0,0.9750778816199377,35.091690303557705,11.793506748598132
31,151,44.62741699796952,151.0,1.0,15.280755989018191,12.851088878065463
32,336,80.2842712474619,361.0,0.9307479224376731,24.79379328835635,18.185663389687175
33,745,112.42640687119285,773.0,0.963777490297542,36.78771411834013,27.346154009919783
34,165,54.698484809834994,179.0,0.9217877094972067,19.223347052995127,11.62402315491495
35,215,56.2842712474619,218.0,0.9862385321100917,18.458237965093215,15.019998050429844
36,356,97.49747468305833,398.0,0.8944723618090452,41.63938714948549,11.805886703474815
37,318,85.25483399593904,375.0,0.848,26.210093033702083,19.20733021075186
38,223,64.76955262170047,237.0,0.9409282700421941,23.851092761191154,12.416315406103328
39,864,140.81118318204307,980.0,0.8816326530612245,41.07260230376368,29.40004468907784
40,589,97.59797974644665,600.0,0.9816666666666667,35.63813930399081,21.68386772366586
41,151,54.2842712474619,160.0,0.94375,17.794777885396996,11.782038429180533
42,162,50.8700576850888,173.0,0.9364161849710982,16.988905621800875,12.625936607886558
43,343,87.84062043356595,392.0,0.875,27.194517135764624,18.247077945302472
44,233,59.698484809834994,239.0,0.9748953974895398,19.839058755328924,15.439695316804231
45,140,44.62741699796952,142.0,0.9859154929577465,15.767474743720392,11.392935754409342
46,393,90.42640687119285,427.0,0.9203747072599532,29.943848821324867,18.015742046217873
47,18014,802.1919548795365,20481.0,0.8795468971241639,202.34360986853008,122.81923851191296
48,155,50.55634918610404,164.0,0.9451219512195121,17.93281040272734,11.498127836049289
49,136,45.970562748477136,138.0,0.9855072463768116,16.69127963032653,10.649608447299522
50,434,82.87005768508881,446.0,0.9730941704035875,26.11521733134567,21.749678984490533
51,1210,157.1959594928933,1272.0,0.9512578616352201,58.78299869754808,27.45067752523645
52,411,87.08326112068524,429.0,0.958041958041958,29.057588524874372,18.555844573426526
53,1554,219.03657992645927,1869.0,0.8314606741573034,63.04934596464653,36.623562623650095
54,171,52.90559159102155,173.0,0.9884393063583815,18.29709801722859,12.46666637244425
55,104,40.8700576850888,106.0,0.9811320754716981,13.836264811969654,9.883646810661663
56,470,100.25483399593905,531.0,0.8851224105461394,33.80052735134487,19.883101679356525
57,184,50.8700576850888,186.0,0.989247311827957,17.92913450803294,13.257280757031024
58,1866,197.43860018001263,1922.0,0.9708636836628513,72.52622019800602,34.906826099652264
59,588,96.94722215136416,598.0,0.9832775919732442,29.7963779626108,26.763553658036688
60,105,47.698484809834994,115.0,0.9130434782608695,17.863094142505176,8.340591619485199
61,750,128.56854249492378,783.0,0.9578544061302682,51.236509379153624,19.075477217735557
62,1894,228.79393923934,2193.0,0.863657090743274,75.45309525389995,37.2073268196887
63,1104,152.71067811865476,1196.0,0.9230769230769231,52.81759159321962,29.593387702180397
64,348,78.18376618407356,358.0,0.9720670391061452,29.472259828080503,16.047787838074253
65,1162,161.05992052357223,1278.0,0.9092331768388107,56.6491517228465,29.028171942521787
66,13321,657.5218613006979,18696.0,0.7125053487376979,192.13009047512912,120.06518518186671
67,800,145.64570696119915,914.0,0.87527352297593,45.404275707944365,24.872722457281842
68,173,49.213203435596434,175.0,0.9885714285714285,16.54720738997492,13.548524250634518
69,603,131.9827560572969,662.0,0.9108761329305136,51.82248790267587,15.973941718976707
70,319,73.35533905932738,337.0,0.9465875370919882,22.74447090904038,18.54388170539196
71,108,39.62741699796952,111.0,0.972972972972973,13.16684348672069,10.695136617820346
72,1286,176.71677477306463,1439.0,0.8936761640027797,47.72019764150346,36.60711581933642
73,138,46.284271247461895,142.0,0.971830985915493,17.20404919602719,10.4185311358959
74,391,89.80508652763322,409.0,0.9559902200488998,29.8290995336666,17.44478778924867
75,359,81.01219330881975,375.0,0.9573333333333334,30.326149366428258,16.379359488480432
76,307,72.52691193458118,312.0,0.9839743589743589,29.335735572762502,13.483548154479225
77,106,43.112698372208094,107.0,0.9906542056074766,18.66195136592793,7.368594503518676
78,1397,184.3259018078045,1639.0,0.8523489932885906,70.19753496674615,27.835138026279044
79,1327,193.82337649086287,1517.0,0.8747528015820699,67.5040410105735,27.41572163667795
80,475,97.63351365237939,538.0,0.8828996282527881,33.41143114207833,19.706916957336748
81,227,66.08326112068524,233.0,0.9742489270386266,26.81952979547463,11.295479750261274
82,804,163.16652224137044,1016.0,0.7913385826771654,62.94284951584904,20.14202687709113
83,107,37.55634918610404,107.0,1.0,12.182029373375688,11.321562360659149
84,202,62.18376618407356,211.0,0.957345971563981,26.860074093721447,9.821812206285822
85,225,59.01219330881975,225.0,1.0,23.35622385204419,12.55622387465618
86,313,70.18376618407356,318.0,0.9842767295597484,26.70043239538851,15.218674526480244
87,419,105.49747468305831,519.0,0.8073217726396917,43.29072988463393,14.375947356021205
88,171,53.698484809834994,182.0,0.9395604395604396,20.208443762236698,11.228504730135136
89,111,43.45584412271571,115.0,0.9652173913043478,12.902146180868064,11.592589274114355
90,160,54.62741699796952,165.0,0.9696969696969697,22.67207331709796,9.261457309955846
91,331,73.84062043356595,349.0,0.9484240687679083,24.0166577244045,18.41657344836876
92,251,65.76955262170047,256.0,0.98046875,24.710469459512304,13.404196075387766
93,143,50.14213562373095,143.0,1.0,21.947606756351714,8.343946821969512
94,227,60.2842712474619,232.0,0.978448275862069,21.33782253093846,14.113902691957122
95,16952,817.8498551495554,19259.0,0.8802118490056597,278.6119495941314,81.29245535614632
96,713,114.25483399593904,753.0,0.9468791500664011,41.58233749740571,23.07259273987961
97,103,38.87005768508881,103.0,1.0,14.502061674480238,9.197692646077256
98,173,53.8700576850888,181.0,0.9558011049723757,18.701508674122568,12.388521506714875
99,760,115.1543289325507,786.0,0.9669211195928753,42.39523260905152,23.498658827810893
100,117,41.4558441227157,117.0,1.0,16.29722491722236,9.381422934436417
101,141,45.45584412271571,147.0,0.9591836734693877,15.054318615068,12.35658656718461
102,192,53.45584412271571,194.0,0.9896907216494846,17.289297953163526,14.539199978298585
103,539,95.49747468305834,570.0,0.9456140350877194,31.686395158740066,22.14323437901403
104,385,82.18376618407356,403.0,0.9553349875930521,27.817464705946662,18.539110147146626
105,431,94.91168824543142,480.0,0.8979166666666667,30.647302990163446,18.95182019029915
106,265,63.94112549695428,268.0,0.9888059701492538,21.254444887471596,16.343557853545523
107,147,49.8700576850888,155.0,0.9483870967741935,15.823519000875976,12.349458090986326
108,291,69.35533905932738,300.0,0.97,25.02163688221971,15.480606387872882
109,454,98.15432893255071,505.0,0.899009900990099,29.78609523904442,20.72529320436381
110,160,56.8700576850888,172.0,0.9302325581395349,23.27316761404915,9.195361287539145
111,526,109.39696961966999,577.0,0.9116117850953206,37.209699903767735,19.359640773843083
112,138,49.213203435596434,143.0,0.965034965034965,16.001625913767256,11.565873689194731
113,607,138.12489168102783,745.0,0.8147651006711409,41.118748880995014,21.48934370029256
114,140,49.11269837220809,146.0,0.958904109589041,16.054839459718323,12.066164842413851
115,354,90.84062043356595,395.0,0.8962025316455696,34.28598054830692,14.318217667637144
116,156,49.798989873223334,163.0,0.9570552147239264,16.23513224713846,13.05728921941597
117,168,53.698484809834994,178.0,0.9438202247191011,20.40950506817291,11.194617001532478
118,427,112.9116882454314,565.0,0.7557522123893805,34.79141828854451,20.08455287838538
119,211,62.31980515339463,227.0,0.9295154185022027,18.95378876367132,15.064176186620251
120,102,36.62741699796952,102.0,1.0,13.674658222088038,9.642567945743513
121,116,41.21320343559642,116.0,1.0,13.450919518677559,11.433631816524974
122,2724,272.91168824543144,3419.0,0.7967241883591694,103.96921624150222,43.68163732108303
123,141,44.04163056034261,141.0,1.0,14.790804179930381,12.325620068018385
124,284,73.59797974644665,306.0,0.9281045751633987,22.939149960119725,17.26035281187659
125,101,41.45584412271571,104.0,0.9711538461538461,15.41221991270644,8.592108259220305
126,274,76.42640687119285,302.0,0.9072847682119205,27.708877503378147,13.934300183378387
127,472,111.88225099390856,503.0,0.9383697813121272,46.97405712460349,13.448885851732719
128,371,99.25483399593905,426.0,0.8708920187793427,39.90110658429786,13.272840688998912
129,1002,137.5685424949238,1083.0,0.925207756232687,44.51568354527461,30.036606729462218
130,312,79.55634918610404,312.0,1.0,36.53934800351178,11.107573282693052
131,120,43.21320343559642,122.0,0.9836065573770492,17.02063926100005,9.170911455503287
132,1221,173.6812408671319,1362.0,0.8964757709251101,57.33761698786859,28.69147069763298
133,161,52.284271247461895,170.0,0.9470588235294117,15.931307136717292,13.526610609913092
134,806,143.0893577750951,938.0,0.8592750533049041,38.58381041774453,30.07120386948501
135,571,123.1543289325507,658.0,0.8677811550151976,48.68902110501624,17.362944038554346
136,336,79.66904755831214,365.0,0.9205479452054794,23.97631253431695,19.421256140920022
137,108,41.21320343559643,109.0,0.9908256880733946,15.379133808781067,9.11762454320267
138,1420,172.75230867899737,1504.0,0.9441489361702128,59.96492233180077,31.63609344291234
139,413,88.5685424949238,452.0,0.9137168141592921,26.43135421033228,21.581320765225705
140,283,87.49747468305833,328.0,0.8628048780487805,31.517284188494273,12.94627536370332
141,161,48.112698372208094,162.0,0.9938271604938271,15.28799733014032,13.709386902708065
142,109,41.55634918610404,109.0,1.0,17.116064745363367,8.220603961037495
143,10311,537.4995667241113,12152.0,0.8485023041474654,149.6782288988483,96.76579765180095
144,2340,263.8061325481598,2593.0,0.9024296182028538,100.56318577409878,31.409928639573096
145,1371,198.65180361560903,1651.0,0.8304058146577832,59.745910246849796,34.99179537824489
146,410,85.25483399593904,439.0,0.9339407744874715,26.632000623322067,20.55146162498202
147,184,57.698484809834994,199.0,0.9246231155778895,16.759450947958978,14.559353477308338
148,106,39.79898987322333,108.0,0.9814814814814815,14.390282098982999,9.665308019825211
149,230,61.698484809834994,241.0,0.9543568464730291,21.21261013768902,14.585859191308591
150,203,57.8700576850888,209.0,0.9712918660287081,21.756247815314133,12.121988731042777
151,141,44.384776310850235,141.0,1.0,14.842099555982672,12.22298375250532
152,151,49.04163056034261,157.0,0.9617834394904459,17.251283861014844,11.609351745924508
153,130,42.04163056034262,131.0,0.9923664122137404,14.450912379285551,11.615395111469981
154,401,90.15432893255071,441.0,0.909297052154195,28.326643284698303,19.771340343381567
155,388,80.2193000900063,408.0,0.9509803921568627,29.84511812631768,16.830358075056978
156,177,53.45584412271571,183.0,0.9672131147540983,19.113220886315297,12.084839135775272
157,124,46.970562748477136,134.0,0.9253731343283582,20.388158973562486,7.933738182998023
158,550,103.7401153701776,576.0,0.9548611111111112,40.70935506749953,17.955771743756095
159,475,93.98275605729691,511.0,0.9295499021526419,29.35872408623346,21.969637454676192
160,780,120.1543289325507,829.0,0.9408926417370326,34.58697597921522,30.43960103041165
161,393,77.59797974644667,402.0,0.9776119402985075,25.069473459496418,20.292714545892913
162,1262,155.7817459305202,1369.0,0.9218407596785975,45.91221577056246,36.910110692436014
163,355,79.39087296526012,376.0,0.9441489361702128,26.96336069115666,17.657748476243846
164,299,66.5269119345812,302.0,0.9900662251655629,24.538727385993624,15.634567099170285
165,184,53.698484809834994,195.0,0.9435897435897436,17.226282979748387,14.179079307682155
166,101,42.62741699796952,105.0,0.9619047619047619,15.924010389814027,8.571367447731678
167,387,81.25483399593904,403.0,0.9602977667493796,29.467392432910962,17.110095179021865
168,138,50.284271247461895,154.0,0.8961038961038961,18.072774386999797,10.3911885909041
169,227,59.94112549695428,232.0,0.978448275862069,21.758356460093147,13.745755433001003
170,853,167.6812408671319,1047.0,0.8147086914995224,46.32949344052759,27.201171311293944
171,679,120.22539674441619,736.0,0.9225543478260869,44.67000484122191,20.058041949729553
172,491,100.91168824543142,548.0,0.8959854014598541,31.91378428050171,21.41224191247529
173,284,69.5269119345812,306.0,0.9281045751633987,24.25426454723063,15.418374981154836
174,261,66.04163056034261,272.0,0.9595588235294118,23.79984884822882,14.439473354717313
175,297,67.94112549695429,302.0,0.9834437086092715,23.003716946978617,16.99764274923554
176,833,125.26093065034891,868.0,0.9596774193548387,41.74964206034824,25.75160947137766
177,2706,241.41525958289964,2949.0,0.9175991861648016,62.63007331325488,57.56965154724069
178,917,133.29646455628168,1001.0,0.916083916083916,45.42207959951643,26.408673914610223
179,108,38.97056274847714,108.0,1.0,14.40515113390683,9.649295557703674
180,548,97.35533905932738,581.0,0.9432013769363167,31.276052168728214,23.347333340949625
181,170,56.2842712474619,183.0,0.9289617486338798,21.333442310719814,10.952155326839428
182,532,94.9116882454314,555.0,0.9585585585585585,29.62379389027767,23.790099905709127
183,159,50.04163056034262,166.0,0.9578313253012049,15.811398512421727,13.602826864673366
184,383,88.32590180780453,431.0,0.888631090487239,34.81277636166442,14.76679503798882
185,258,70.18376618407356,272.0,0.9485294117647058,26.311855101749813,13.218396357921991
186,122,40.62741699796952,122.0,1.0,12.995716452182712,12.08446209355846
187,341,113.88225099390857,445.0,0.7662921348314606,40.14435771494797,13.378751673858867
188,959,134.71067811865476,999.0,0.95995995995996,44.79154149706858,30.34687963275957
189,275,78.18376618407356,320.0,0.859375,27.69412382723576,14.888097902712117
190,156,51.45584412271572,163.0,0.9570552147239264,19.50621129146574,10.694712996415827
191,475,100.08326112068522,517.0,0.9187620889748549,39.284936100049684,16.56571764685069
192,266,90.66904755831214,331.0,0.8036253776435045,31.493552946406,12.838119982645244
193,170,58.2842712474619,189.0,0.8994708994708994,20.55764647976778,11.762502217220753
194,142,48.2842712474619,149.0,0.9530201342281879,15.902244729039422,12.106655283898093
195,274,71.94112549695427,286.0,0.958041958041958,25.925737167426753,13.850383953128244
196,122,41.55634918610405,125.0,0.976,13.478140477624233,11.919443538357125
197,196,60.526911934581186,211.0,0.9289099526066351,19.351939874816633,14.4426124247685
198,682,121.7401153701776,752.0,0.9069148936170213,39.88560983497258,23.19556123959604
199,5679,399.048773235279,6167.0,0.9208691422085292,127.78291887482403,60.564671889514706
200,156,49.45584412271572,159.0,0.9811320754716981,18.47782400653677,11.028502920011157
201,164,52.76955262170047,169.0,0.9704142011834319,21.131344283412318,10.22587936675807
202,158,50.04163056034261,171.0,0.9239766081871345,17.805313113722296,11.683132309891985
203,169,68.35533905932738,201.0,0.8407960199004975,20.537153747780533,13.117334608457808
204,192,52.284271247461895,193.0,0.9948186528497409,16.665919651708837,14.955161128687559
205,151,49.21320343559643,154.0,0.9805194805194806,18.33002782389125,10.755076650824886
206,280,77.59797974644665,294.0,0.9523809523809523,30.362360532719336,12.115672158851076
207,303,72.76955262170047,312.0,0.9711538461538461,26.854333595306922,15.157002456763504
208,112,43.79898987322333,119.0,0.9411764705882353,12.733893328303692,11.834520221227734
209,493,107.77564927611034,565.0,0.8725663716814159,34.36685017536003,20.250192562120525
210,1094,162.61017305526642,1287.0,0.85003885003885,46.42098483403461,33.35190743387792
211,299,72.18376618407358,312.0,0.9583333333333334,26.960544053200096,14.446124083242008
212,112,42.62741699796952,115.0,0.9739130434782609,14.829280779084833,9.958489504323337
213,245,67.76955262170047,264.0,0.928030303030303,24.916647653655033,12.791859655735946
214,325,77.35533905932738,338.0,0.9615384615384616,30.8967783522456,13.662959857497658
215,236,59.941125496954285,240.0,0.9833333333333333,19.808410924575814,15.43129901737466
216,213,53.698484809834994,213.0,1.0,18.204228282972338,14.997416448775976
217,124,44.62741699796952,129.0,0.9612403100775194,14.121479715095857,11.83370035711942
218,1285,169.0243866176395,1406.0,0.9139402560455192,51.58728908456279,32.94123407381944
219,125,41.79898987322333,125.0,1.0,15.145423631680003,10.592450850343795
220,651,100.42640687119284,669.0,0.9730941704035875,30.59804847705847,27.828383234494193
221,128,47.21320343559643,130.0,0.9846153846153847,18.691844980571975,9.01916847454721
222,446,93.7401153701776,485.0,0.9195876288659793,25.73922325666996,23.36312664933867
223,654,113.9827560572969,694.0,0.9423631123919308,46.05786147048689,18.98226491902942
224,152,50.2842712474619,158.0,0.9620253164556962,16.833851800172532,11.781404371783948
225,728,113.84062043356593,740.0,0.9837837837837838,45.365231726318754,20.767982284722365
226,233,73.59797974644665,267.0,0.8726591760299626,25.49673976310127,13.017282649994417
227,301,65.94112549695429,306.0,0.9836601307189542,21.941165572894747,17.82290638578306
228,114,38.970562748477136,114.0,1.0,13.296357232125812,11.007079163511325
229,332,95.25483399593904,410.0,0.8097560975609757,31.763966379485264,15.905191050357521
230,149,45.79898987322332,149.0,1.0,17.96163596120042,10.575412172555158
231,272,71.11269837220809,299.0,0.9096989966555183,23.345284592913725,16.863302083876068
232,137,50.04163056034262,145.0,0.9448275862068966,18.491513131086425,10.04607142381918
233,298,111.6396103067893,429.0,0.6946386946386947,37.55962373988764,14.94755907857046
234,536,104.08326112068522,575.0,0.9321739130434783,32.81362290514515,21.715184381056215
235,3932,368.5340546095176,4862.0,0.8087206910736322,113.02774813144147,51.363555905443846
236,390,90.18376618407358,433.0,0.9006928406466512,24.860760764218075,21.95914584831035
237,381,81.84062043356595,392.0,0.9719387755102041,31.329696895698223,16.195161104511758
238,268,75.59797974644665,298.0,0.8993288590604027,29.78513733550242,12.36321795381248
239,4300,423.30360723121805,5812.0,0.7398485891259463,132.1636955666683,51.66744935851356
240,120,42.62741699796952,120.0,1.0,15.859300420086848,9.936706986773261
241,165,49.21320343559642,167.0,0.9880239520958084,17.84272529772655,12.147020276935049
242,904,175.68124086713186,1135.0,0.7964757709251101,56.013541983019074,24.13753216188754
243,1536,166.85281374238568,1617.0,0.9499072356215214,52.65616434808372,38.252308103921926
244,407,92.42640687119285,456.0,0.8925438596491229,32.295533781802796,17.793644389667033
245,110,40.8700576850888,114.0,0.9649122807017544,12.226747331618895,12.019084209120937
246,116,41.21320343559643,117.0,0.9914529914529915,14.046789300500954,10.708235487500929
247,107,36.97056274847714,107.0,1.0,12.822475205877533,10.68296945113721
248,102,36.970562748477136,102.0,1.0,12.322056615228785,10.602498761098419
249,104,38.14213562373095,104.0,1.0,14.868897157197537,8.899101293813816
250,217,60.284271247461895,222.0,0.9774774774774775,19.607590491690644,14.444242927112617
251,132,47.112698372208094,132.0,1.0,19.845098932151448,8.565062432373644
252,197,58.04163056034261,197.0,1.0,24.230309955046856,10.461347307504534
253,241,68.76955262170047,266.0,0.9060150375939849,27.51039197479835,11.966840071797247
254,5704,405.58787847868,6177.0,0.923425611138093,158.2230553786878,47.466052770395635
255,358,79.59797974644667,364.0,0.9835164835164835,29.97628687349079,15.876101777931922
256,292,74.11269837220809,309.0,0.9449838187702265,26.10634416886985,14.903240266961209
257,431,84.66904755831213,456.0,0.9451754385964912,26.615355687658017,22.060875177748223
258,302,67.94112549695429,305.0,0.9901639344262295,21.67916929397367,18.41429821334218
259,189,56.384776310850235,191.0,0.9895287958115183,23.54599182640288,10.352575045718309
260,281,82.84062043356595,333.0,0.8438438438438438,31.292686150904192,12.946600503702065
261,110,42.04163056034261,110.0,1.0,16.799742317855543,8.464806883462533
262,203,54.526911934581186,203.0,1.0,19.438115024018337,13.569627365524067
263,2720,307.45079348883235,3393.0,0.8016504568228706,108.76119289830599,38.516511224383095
264,164,52.52691193458118,170.0,0.9647058823529412,17.36962471942148,12.669289255108325
265,306,83.01219330881975,346.0,0.884393063583815,27.662571770739067,15.819379064382295
266,1319,187.68124086713192,1461.0,0.9028062970568104,62.885071500704235,28.416525574206155
267,151,48.38477631085023,155.0,0.9741935483870968,16.019492136042096,12.449276499483062
268,224,59.941125496954285,232.0,0.9655172413793104,21.240408382480567,14.193374360068194
269,325,78.59797974644667,347.0,0.9365994236311239,25.290094607425445,17.14945207472958
270,190,61.4558441227157,207.0,0.9178743961352657,25.330334797517036,10.687122262751272
271,210,59.11269837220809,223.0,0.9417040358744395,20.952259063407443,13.10863838201983
272,202,62.52691193458118,212.0,0.9528301886792453,23.77459668251604,11.334043566396486
273,225,63.012193308819754,237.0,0.9493670886075949,20.456682185991852,14.784061015639894
274,135,45.79898987322333,138.0,0.9782608695652174,17.054537462232343,10.3815988267208
275,350,73.84062043356595,365.0,0.958904109589041,22.69028286873526,20.239970407890656
276,278,75.01219330881975,300.0,0.9266666666666666,25.16408288073998,15.341804717932403
277,136,46.2842712474619,139.0,0.9784172661870504,17.79262849189457,10.088846717877447
278,112,41.21320343559643,113.0,0.9911504424778761,13.286570816002929,11.060718101955729
279,112,42.42031021678297,118.0,0.9491525423728814,14.26401030375114,10.608754079330236
280,2620,270.0071426749364,2964.0,0.8839406207827261,73.67524628246244,47.762628318132904
281,107,38.384776310850235,107.0,1.0,14.08353794576739,9.723867585495567
282,185,55.041630560342625,192.0,0.9635416666666666,19.556992860736443,12.39203770746084
283,270,70.76955262170047,293.0,0.9215017064846417,22.938850105665345,16.398955878633803
284,165,49.21320343559643,167.0,0.9880239520958084,16.797245841099425,13.014873440968618
285,179,53.45584412271571,184.0,0.9728260869565217,18.61058543660239,13.137359421707359
286,178,65.35533905932738,210.0,0.8476190476190476,22.516293239217188,12.86922561789616
287,429,80.42640687119284,437.0,0.9816933638443935,26.915563190763706,20.756431944131553
288,281,68.18376618407356,295.0,0.9525423728813559,20.88109140261381,18.010319473991025
289,1323,195.58073580374355,1478.0,0.8951285520974289,57.61351367095596,32.22752595667463
290,181,56.526911934581186,193.0,0.9378238341968912,20.276558835909015,11.862721846971434
291,144,44.8700576850888,144.0,1.0,14.980872482119072,12.434184874837927
292,112,42.62741699796952,118.0,0.9491525423728814,14.337034431841497,10.379493363151278
293,569,105.98275605729688,609.0,0.9343185550082101,37.63228599885962,19.98250425602196
294,257,65.94112549695429,265.0,0.969811320754717,26.213153770121487,12.814687150056665
295,170,57.35533905932737,183.0,0.9289617486338798,18.427279000833966,13.214596537004226
296,105,36.97056274847714,105.0,1.0,12.250568843286416,10.951036282880327
297,251,76.59797974644665,272.0,0.9227941176470589,26.20651829550749,13.356412139878879
298,123,41.45584412271571,123.0,1.0,14.023673709272227,11.309895904472445
299,162,48.04163056034261,163.0,0.9938650306748467,14.82781506104456,14.283943378904517
300,224,57.11269837220809,224.0,1.0,19.658667609192758,14.587890808456129
301,888,139.29646455628165,979.0,0.9070480081716037,38.40767125244096,31.21484640187151
302,392,86.91168824543142,414.0,0.9468599033816425,32.20891210594428,16.13828259268993
303,121,40.384776310850235,121.0,1.0,13.944217405212031,11.088440577107196
304,105,37.798989873223334,105.0,1.0,13.03880057541624,10.362343377834412
305,338,81.01219330881976,347.0,0.9740634005763689,33.265445209565804,13.410366928287894
306,207,58.8700576850888,208.0,0.9951923076923077,21.00628921039352,13.49034389677638
307,271,62.2842712474619,276.0,0.9818840579710145,19.838890187640875,17.700032878234843
308,215,63.11269837220809,229.0,0.9388646288209607,20.555529744695622,14.432401390445138
309,252,60.18376618407357,252.0,1.0,20.458155213695605,15.860543993630271
310,1074,146.68124086713192,1157.0,0.9282627484874676,39.62167115429139,36.160608424604014
311,2732,316.14927829866735,3506.0,0.7792355961209355,99.58397521872887,39.27097567067596
312,1495,193.0660171779821,1695.0,0.8820058997050148,56.30812578607099,38.96840972879514
313,121,45.79898987322333,126.0,0.9603174603174603,18.26554287203353,8.722616244997198
314,441,87.49747468305833,448.0,0.984375,33.45929836559783,17.257031263430918
315,136,45.4558441227157,139.0,0.9784172661870504,17.341060067832498,10.229143981237007
316,467,104.3259018078045,542.0,0.8616236162361623,33.59803858224835,20.072297948037143
317,137,46.04163056034261,141.0,0.9716312056737588,14.894864857304745,12.131514188476109
318,141,53.11269837220809,154.0,0.9155844155844156,18.39740510976436,10.782406867782136
319,137,49.4558441227157,150.0,0.9133333333333333,17.20329354203978,11.072057635651035
320,145,46.384776310850235,147.0,0.9863945578231292,17.315045096439864,10.866230641844567
321,248,69.14823227814082,259.0,0.9575289575289575,23.011508132380403,14.719052764530911
322,161,65.94112549695429,183.0,0.8797814207650273,26.438812841818276,8.873940711667217
323,136,44.62741699796952,140.0,0.9714285714285714,16.256620566650305,10.715451631588726
324,120,52.8700576850888,137.0,0.8759124087591241,20.21283433800329,8.79628679374248
325,102,39.21320343559643,105.0,0.9714285714285714,14.327704197860061,9.320774157966767
326,246,74.2193000900063,281.0,0.8754448398576512,23.751154595856192,14.494511539300198
327,266,69.01219330881976,290.0,0.9172413793103448,19.773239542719264,18.731182624707237
328,147,45.4558441227157,149.0,0.9865771812080537,16.15104346929225,11.691671628869377
329,137,48.04163056034262,141.0,0.9716312056737588,19.837143875986666,9.115078968888987
330,476,101.49747468305833,513.0,0.9278752436647173,38.75178265194216,16.270235665505588
331,129,43.45584412271571,130.0,0.9923076923076923,16.530612385419403,10.03920346248127
332,118,41.798989873223334,120.0,0.9833333333333333,15.320176202317583,10.034501701585262
333,447,102.95331880577403,461.0,0.9696312364425163,44.91327946036884,12.990912442984373
334,276,84.5269119345812,295.0,0.9355932203389831,38.5617903194571,9.637369795041264
335,1383,200.30256121069155,1706.0,0.8106682297772567,58.34671837365798,34.85328037631544
336,143,48.041630560342625,145.0,0.9862068965517241,18.229641785239014,10.163992502401335
337,135,44.8700576850888,140.0,0.9642857142857143,14.570925734339196,12.051703989916044
338,106,39.4558441227157,107.0,0.9906542056074766,13.112713210065525,10.583466372533163
339,232,77.84062043356595,284.0,0.8169014084507042,26.682653821183223,13.303543171687956
340,132,43.21320343559643,134.0,0.9850746268656716,14.885439175744533,11.327879496927425
341,185,59.35533905932738,194.0,0.9536082474226805,24.27108268381567,10.002971530433124
342,163,53.248737341529164,173.0,0.9421965317919075,18.810061822570677,11.434434507738983
343,216,58.2842712474619,218.0,0.9908256880733946,22.3638423299705,12.42876202657354
344,105,43.45584412271572,105.0,1.0,18.294636844346904,7.416067294508909
345,2105,216.10764773832472,2243.0,0.9384752563530985,84.65506209242831,32.46497551432565
346,718,127.5685424949238,816.0,0.8799019607843137,42.85813085957668,22.533003873817947
347,336,76.76955262170047,353.0,0.9518413597733711,27.925418674521993,16.05599575825698
348,24320,875.4356415871823,27312.0,0.8904510837727007,286.5612922252235,113.02015519858078
349,362,73.698484809835,368.0,0.9836956521739131,24.06122546950657,19.58926431043356
350,1241,197.96551211459382,1427.0,0.869656622284513,57.706703567428974,30.860725948181507
351,123,46.62741699796952,129.0,0.9534883720930233,18.170525819882062,9.188560907560129
352,108,38.97056274847714,108.0,1.0,13.944313419762446,10.050518064999928
353,312,68.76955262170047,315.0,0.9904761904761905,23.68030865460583,17.010730180093496
354,166,59.941125496954285,183.0,0.907103825136612,24.272434573023272,9.526077228449152
355,258,62.76955262170047,262.0,0.9847328244274809,23.36892707781302,14.41624871805616
356,182,54.45584412271571,190.0,0.9578947368421052,18.988993619274712,13.175716314024223
357,957,157.1959594928933,1120.0,0.8544642857142857,54.91238878640424,23.957806667857994
358,127,44.698484809834994,130.0,0.9769230769230769,16.934327264465487,9.877642673153876
359,230,65.01219330881976,239.0,0.9623430962343096,25.45072758556097,11.787676286973335
360,1168,169.8233764908628,1274.0,0.9167974882260597,59.27173544101116,26.612724934148538
361,349,85.84062043356593,372.0,0.9381720430107527,30.02632733734045,15.491341358666478
362,217,59.698484809834994,226.0,0.9601769911504425,21.95456349771118,12.986661938573091
363,158,48.04163056034262,163.0,0.9693251533742331,17.34411269361919,11.709273562002334
364,421,108.81118318204308,510.0,0.8254901960784313,35.821210134472636,18.465237180846785
365,345,76.66904755831213,353.0,0.9773371104815864,27.885935772820726,16.107523373924348
366,183,55.45584412271571,193.0,0.9481865284974094,19.26534919717351,12.67103940715272
367,152,53.97056274847715,158.0,0.9620253164556962,21.809596542217246,9.942533079636533
368,201,57.526911934581186,214.0,0.9392523364485982,18.969978642552498,14.322978291466267
369,166,53.87005768508881,175.0,0.9485714285714286,18.47974432449689,11.785053884004123
370,151,49.21320343559642,156.0,0.967948717948718,16.987627073340366,11.660270416296473
371,246,72.18376618407356,261.0,0.9425287356321839,27.178156823278925,12.191497403013045
372,140,46.04163056034262,142.0,0.9859154929577465,15.188397372512172,12.283551867402004
373,474,94.32590180780451,497.0,0.9537223340040242,32.19584556121728,19.2533216878599
374,205,57.698484809834994,214.0,0.9579439252336449,20.584117359251795,13.189522349578512
375,189,58.73401871576773,201.0,0.9402985074626866,19.57839878511967,12.840025357459107
376,233,61.012193308819754,242.0,0.9628099173553719,21.06936364884655,14.747112810178852
377,308,75.35533905932738,309.0,0.9967637540453075,31.667059015618822,12.482068273587087
378,144,49.21320343559643,145.0,0.993103448275862,19.637456253084107,9.403297795936936
379,417,89.25483399593904,441.0,0.9455782312925171,31.319212592364778,18.000548180279015
380,100,37.55634918610404,100.0,1.0,14.356007062874093,8.90524908190159
381,184,58.284271247461895,198.0,0.9292929292929293,21.103176351376803,11.996829009983806
382,1017,195.58073580374355,1288.0,0.7895962732919255,51.89768958498128,30.537555734174365
383,156,48.8700576850888,159.0,0.9811320754716981,18.39472416737435,11.013514523616037
384,277,61.941125496954285,279.0,0.992831541218638,19.166590028238975,18.81638273693683
385,903,171.92388155425118,1163.0,0.7764402407566638,58.559444367745954,23.687763714056338
386,1062,158.0243866176395,1166.0,0.9108061749571184,53.3431366627131,26.692445906984805
387,175,51.698484809834994,178.0,0.9831460674157303,18.717214668124285,12.368240333406538
388,105,41.21320343559643,108.0,0.9722222222222222,16.024717515639185,8.620015334767743
389,353,78.5269119345812,374.0,0.9438502673796791,25.558370772746144,18.67709302894793
390,12311,590.541197284454,13885.0,0.8866402592725964,178.78370789757517,93.84712777828759
391,253,63.112698372208094,254.0,0.9960629921259843,23.178237711156495,14.41969170029452
392,195,73.01219330881976,225.0,0.8666666666666667,22.258220751324234,13.562146562149442
393,127,47.45584412271571,134.0,0.9477611940298507,17.700201518878192,9.876158355472926
394,100,39.21320343559643,103.0,0.970873786407767,13.832548722028106,9.439989187108141
395,151,48.04163056034262,153.0,0.9869281045751634,18.022199762699124,10.887583180162427
396,309,85.49747468305833,332.0,0.9307228915662651,35.82597066299176,11.494872246808015
397,103,41.21320343559643,104.0,0.9903846153846154,16.194513035142144,8.268082032062345
398,194,57.45584412271571,198.0,0.9797979797979798,23.71229948444799,10.758125706619083
399,408,84.08326112068524,423.0,0.9645390070921985,29.513854177252217,18.38373801403291
400,3671,376.6467529817257,4726.0,0.7767668218366484,112.992747561448,49.43665898460308
401,1264,176.99494936611666,1436.0,0.8802228412256268,56.24230889644082,31.074382744994853
402,326,79.698484809835,343.0,0.9504373177842566,32.328663660492865,13.290106713870957
403,133,46.284271247461895,142.0,0.9366197183098591,16.122551645661645,10.972117918781974
404,1332,212.79393923933998,1606.0,0.8293897882938979,70.41846734187362,26.284409066903606
405,188,62.52691193458118,200.0,0.94,24.641790873050763,10.481563562277922
406,123,45.21320343559643,126.0,0.9761904761904762,17.383689032822122,9.195835311318579
407,102,38.21320343559643,103.0,0.9902912621359223,12.75882121327558,10.354160350919052
408,110,38.62741699796952,110.0,1.0,13.424704487988837,10.512587668733948
409,346,91.39696961966999,384.0,0.9010416666666666,39.041622638347015,12.701084241810666
410,128,46.38477631085023,130.0,0.9846153846153847,18.79947581355307,8.88597594587298
411,191,55.79898987322333,192.0,0.9947916666666666,23.03596908543981,10.639556520026318
412,161,51.90559159102155,167.0,0.9640718562874252,15.311534240594774,14.287022492841425
413,202,59.94112549695428,206.0,0.9805825242718447,24.224701315849547,10.937472762301436
414,4535,403.4102089490163,5392.0,0.8410608308605341,131.83969160569694,48.90665952816489
415,137,45.698484809834994,139.0,0.9856115107913669,17.228851588108828,10.19049023082245
416,271,75.1126983722081,283.0,0.9575971731448764,31.274072518253377,11.90413482916797
417,109,39.21320343559643,109.0,1.0,13.898495645941901,10.041278489702913
418,1420,168.78174593052026,1499.0,0.9472981987991995,62.459338260511274,29.58620593142518
419,111,46.2842712474619,117.0,0.9487179487179487,18.097744052586098,8.212003648877978
420,1574,216.3797256769669,1906.0,0.825813221406086,57.93650808395459,38.25524024492722
421,108,40.55634918610405,112.0,0.9642857142857143,14.286007085486975,9.852296782798993
422,397,84.32590180780451,422.0,0.9407582938388626,28.214930665831716,18.785621782740137
423,389,79.59797974644665,402.0,0.9676616915422885,26.895008321827454,19.23047107509413
424,170,68.93502884254441,179.0,0.9497206703910615,33.61614303426159,7.089388250756333
425,118,41.55634918610404,122.0,0.9672131147540983,13.569891295025544,11.415249492148325
426,305,70.59797974644667,315.0,0.9682539682539683,25.26316580570614,15.785561963627744
427,3196,258.97770542341357,3374.0,0.947243627741553,93.95542885349599,44.940940424638
428,161,50.87005768508881,167.0,0.9640718562874252,18.677185061734907,11.391023003151634
429,1054,164.26702730475878,1191.0,0.8849706129303107,54.98640355744128,25.846837299404847
430,455,89.35533905932738,477.0,0.9538784067085954,33.0017059212283,17.96871911796724
431,119,44.62741699796952,123.0,0.967479674796748,15.934916636824308,9.912008440976447
432,247,60.2842712474619,250.0,0.988,21.347189031742268,15.13301154969955
433,149,53.21320343559643,149.0,1.0,23.01276509122374,8.369574440711455
434,432,85.59797974644665,444.0,0.972972972972973,29.410046756771877,19.420292060852915
435,445,89.1543289325507,468.0,0.9508547008547008,30.302875221291867,19.38089917627538
436,870,139.46803743153546,991.0,0.8779011099899092,46.26627076867268,26.610911192543234
437,552,103.7401153701776,580.0,0.9517241379310345,35.97628102653225,20.09067737388674
438,112,42.04163056034262,117.0,0.9572649572649573,15.278942260212958,9.774842497864507
439,227,57.11269837220809,227.0,1.0,21.54295640461011,13.595056354601613
440,1736,232.89444430272832,1956.0,0.8875255623721882,88.45244685776785,27.806171597799942
441,112,40.62741699796952,113.0,0.9911504424778761,15.089262394113467,9.636525815321013
442,133,44.8700576850888,135.0,0.9851851851851852,16.515223562126348,10.506401931222983
443,157,48.04163056034261,157.0,1.0,17.681345199762795,11.440880423129844
444,641,124.22539674441617,699.0,0.9170243204577968,46.17356781023365,18.769053389632393
445,253,79.25483399593905,296.0,0.8547297297297297,20.47305533099569,19.55330656435025
446,4482,356.747258045114,4974.0,0.9010856453558505,113.98554686277481,52.291475389740675
447,126,45.798989873223334,131.0,0.9618320610687023,17.783153637206244,9.439644558790034
448,2412,282.04877323527904,3015.0,0.8,78.51622522632569,46.66041922639518
449,4039,248.20815280171306,4103.0,0.9844016573239094,81.50305403910804,63.33684490573225
450,203,57.698484809835,203.0,1.0,23.23772360868802,11.234661621895599
451,2300,276.2253967444162,2493.0,0.9225832330525471,115.14821097336956,27.558119734818106
452,147,48.077164466275356,154.0,0.9545454545454546,17.489867075273274,11.044102382205613
453,111,40.384776310850235,117.0,0.9487179487179487,14.362475348771138,10.02080263881581
454,1631,207.72287142747453,1858.0,0.8778256189451022,64.36935755340464,35.953711261581915
455,654,120.46803743153546,701.0,0.9329529243937232,43.74299384173517,19.76721444413403
456,646,115.01219330881975,685.0,0.9430656934306569,34.72728236861958,25.623274222570224
457,103,39.21320343559642,105.0,0.9809523809523809,14.06221288258364,9.444334022034566
458,207,55.45584412271571,211.0,0.981042654028436,17.803299062683358,15.128523505530072
459,148,49.112698372208094,148.0,1.0,20.030903436147536,9.531632791652381
460,236,65.698484809835,247.0,0.9554655870445344,24.63732180411624,12.619008486495275
461,227,68.2842712474619,248.0,0.9153225806451613,25.083770293723497,12.771045479137133
462,383,83.59797974644667,400.0,0.9575,32.539148700638535,15.972715935056607
463,329,71.35533905932738,332.0,0.9909638554216867,24.507292214860172,17.869418914114753
464,177,52.2842712474619,179.0,0.9888268156424581,16.839896045195374,14.002594829237891
465,121,44.384776310850235,129.0,0.937984496124031,14.408633541560672,11.063028358074355
466,6078,391.04877323527904,6785.0,0.8957995578481945,144.3356485286306,59.44773321012988
467,423,94.66904755831213,455.0,0.9296703296703297,36.304274353785324,16.518007404266076
468,928,156.4030662740799,1083.0,0.8568790397045245,47.07145787425186,29.530886242487373
469,142,57.112698372208094,153.0,0.9281045751633987,23.40684920124082,8.03693551732559
470,696,125.05382386916236,790.0,0.8810126582278481,41.94730161681196,22.79910453984176
471,138,46.04163056034261,140.0,0.9857142857142858,17.30368852084579,10.318317778785927
472,135,44.8700576850888,136.0,0.9926470588235294,15.804625994146118,11.164431208462005
473,152,46.62741699796952,152.0,1.0,17.217365586961467,11.278518587327568
474,113,41.45584412271571,113.0,1.0,16.143475924763425,9.080835088845944
475,186,55.45584412271572,192.0,0.96875,20.435248634469968,11.841355578149221
476,2793,285.80003589374985,3377.0,0.8270654427006219,83.58450111908475,50.097371261260726
477,303,71.94112549695427,314.0,0.964968152866242,22.317117266051177,17.95989320192589
478,388,77.1126983722081,391.0,0.9923273657289002,27.821243195254798,17.973625947656288
479,354,73.94112549695429,357.0,0.9915966386554622,26.543730130329266,17.37435638621611
480,522,101.49747468305833,568.0,0.9190140845070423,34.20230543643003,20.292590857693632
481,402,87.01219330881976,427.0,0.9414519906323185,25.082526750367432,22.319776288319364
482,352,78.18376618407356,353.0,0.9971671388101983,30.013373709311974,15.410145339038975
483,199,55.87005768508881,203.0,0.9802955665024631,19.62165921733667,13.565551991298555
484,145,47.62741699796952,151.0,0.9602649006622517,15.13034755650583,13.04279438296738
485,470,96.18376618407358,513.0,0.9161793372319688,31.565728856528935,19.797687912516523
486,1175,164.50966799187808,1285.0,0.914396887159533,52.885275834021776,29.541890021674057
487,5252,464.0315292925759,6262.0,0.8387096774193549,156.72794803029444,48.4724808494043
488,189,56.2842712474619,196.0,0.9642857142857143,18.30921818997521,13.987027945944801
489,379,83.76955262170048,404.0,0.9381188118811881,26.14286509264935,19.58850519292975
490,113,44.2842712474619,118.0,0.9576271186440678,15.725489252469798,10.061962721483207
491,265,68.14823227814082,275.0,0.9636363636363636,23.174768554774115,15.693008260720111
492,250,66.87005768508881,258.0,0.9689922480620154,27.012692088798417,12.28133030724959
493,234,63.21320343559643,237.0,0.9873417721518988,26.404001293137735,11.417096094600792
494,943,152.1604255869606,1071.0,0.880485527544351,48.54955961951193,27.85922376316923
495,5730,403.13203435596427,6067.0,0.9444536014504697,159.99735352674196,46.28276127845228
496,218,55.21320343559643,221.0,0.9864253393665159,18.298347620657584,15.358550083515643
497,146,51.45584412271571,146.0,1.0,21.707290079010683,8.62731925648334
498,108,41.45584412271571,117.0,0.9230769230769231,13.282756829405905,10.922180303784318
499,5061,449.48127676088177,6357.0,0.7961302501179802,165.04530990154169,44.55174627615884
500,612,111.49747468305831,653.0,0.9372128637059725,35.27312462426213,23.361314536840283
501,160,63.698484809834994,175.0,0.9142857142857143,27.66553850332542,7.913744645932101
502,783,127.9827560572969,870.0,0.9,43.9483591829517,26.790462981422092
503,194,54.62741699796952,199.0,0.9748743718592965,17.552550476331557,14.944621287777597
504,146,45.79898987322333,147.0,0.9931972789115646,15.035008865982988,12.76759068800645
505,116,42.970562748477136,117.0,0.9914529914529915,17.145373353201887,8.806441617283632
506,883,136.22539674441617,982.0,0.8991853360488798,40.13785274603276,29.964669512592973
507,339,74.18376618407356,354.0,0.9576271186440678,23.22544937030738,19.31330004842529
508,3344,292.0426765808691,3628.0,0.9217199558985667,105.73378852565473,41.69619099855799
509,541,110.46803743153545,593.0,0.9123102866779089,36.42886965094451,20.86276349250829
510,157,48.62741699796952,158.0,0.9936708860759493,17.5943818916234,11.521050914027493
511,133,47.04163056034261,141.0,0.9432624113475178,15.861740441284221,11.17649233647373
512,513,89.84062043356595,529.0,0.9697542533081286,27.97620761724626,23.8681184253042
513,7662,548.98484809835,10479.0,0.7311766389922703,137.98975537331972,87.89703758181334
514,171,50.04163056034262,173.0,0.9884393063583815,18.893047580706845,11.577000181512798
515,2221,282.24978336205567,2777.0,0.7997839395030608,72.6119856302702,47.826213568850726
516,333,71.35533905932736,334.0,0.9970059880239521,27.38425162175075,15.601408789004228
517,1120,166.1604255869606,1302.0,0.8602150537634409,41.68626355131936,37.58835031082276
518,1872,221.89444430272832,2139.0,0.8751753155680224,63.0659534004682,40.662715678339744
519,164,50.2842712474619,167.0,0.9820359281437125,16.885314226726663,12.723051930914318
520,7016,413.4274528917194,7632.0,0.9192872117400419,113.54267668353936,86.13947479643109
521,280,77.84062043356595,315.0,0.8888888888888888,28.31534211543481,14.452532186442948
522,106,39.21320343559643,107.0,0.9906542056074766,13.05846996269175,10.570267036207998
523,1683,186.75230867899734,1873.0,0.8985584623598505,53.53496284156531,43.782750024097155
524,246,65.11269837220809,258.0,0.9534883720930233,20.688010346784598,15.907871081169752
525,139,51.941125496954285,149.0,0.9328859060402684,18.059789254052568,10.895583478593434
526,1030,142.78174593052023,1095.0,0.9406392694063926,42.65720572347426,32.06439672227928
527,291,66.52691193458118,294.0,0.9897959183673469,23.461709627179538,16.177855301861385
528,526,98.66904755831214,559.0,0.9409660107334525,34.813929701613624,20.19709766332209
529,1812,220.3086578651014,2120.0,0.8547169811320755,83.94221209850036,29.390817852387965
530,132,43.798989873223334,135.0,0.9777777777777777,15.005118669907322,11.526101035051989
531,114,40.62741699796952,115.0,0.991304347826087,14.789557135772549,10.09830078309546
532,207,61.35533905932737,212.0,0.9764150943396226,21.550269141235262,13.066431965093532
533,119,42.38477631085024,121.0,0.9834710743801653,15.407332174258306,10.059951939850905
534,3756,297.56349186104046,4159.0,0.9031017071411397,96.67050087126448,51.057982748816066
535,293,74.76955262170047,307.0,0.9543973941368078,26.65691170814839,14.501583281484224
536,331,92.49747468305833,364.0,0.9093406593406593,33.52942202086509,14.054150116455421
537,102,38.627416997969526,105.0,0.9714285714285714,14.558817562373797,9.139068277383247
538,678,128.1543289325507,764.0,0.887434554973822,38.43688174139087,24.101081746485104
539,1162,188.65180361560903,1542.0,0.7535667963683528,58.56217969707479,28.645463980607165
540,298,73.94112549695429,324.0,0.9197530864197531,21.885999251685575,18.700877630533345
541,294,71.01219330881975,294.0,1.0,28.128399629177967,13.635196782106819
542,106,38.627416997969526,106.0,1.0,12.708607934885368,10.964293933470598
543,1147,146.61017305526644,1190.0,0.9638655462184874,50.355024685063704,29.74916839172184
544,186,52.45584412271571,189.0,0.9841269841269841,17.626709971635012,13.840325734798574
545,115,41.21320343559643,117.0,0.9829059829059829,13.492655071136173,11.232836441383224
546,122,46.8700576850888,127.0,0.9606299212598425,18.326029011833736,8.93259019044447
547,316,70.52691193458118,323.0,0.978328173374613,22.195227737321357,18.50154838664436
548,2591,248.90663761154806,2808.0,0.9227207977207977,87.85619947724155,38.93588976307902
549,306,82.18376618407356,336.0,0.9107142857142857,33.95755262866546,12.111084757785676
550,375,93.84062043356595,441.0,0.8503401360544217,29.397125191869907,19.704655361055472
551,157,50.041630560342625,168.0,0.9345238095238095,16.551124719432455,12.752469805853337
552,648,104.81118318204308,679.0,0.9543446244477173,32.915410489272055,25.799424656436884
553,554,100.3259018078045,581.0,0.9535283993115319,37.839889299659525,19.277830688401266
554,2,0.0,NaN,NaN,2.0,0.0
555,237,63.49137802864844,257.0,0.9221789883268483,18.74100295786072,17.09242245174412
557,183,55.698484809834994,195.0,0.9384615384615385,15.844008503686888,15.63880685094864
559,326,76.52691193458118,337.0,0.9673590504451038,29.565007984059275,14.473055581599638
561,2842,300.3208511739212,3239.0,0.8774313059586292,87.69102181765952,45.455402307548255
562,9,8.207106781186548,9.0,1.0,6.521404219611069,2.1174590157666033
563,1683,218.3086578651014,1928.0,0.8729253112033195,67.23336260318635,36.89710908197691
564,158,50.2842712474619,162.0,0.9753086419753086,20.51803588102356,10.093511510634606
565,210,57.526911934581186,216.0,0.9722222222222222,21.258292669940076,13.114576353835377
566,629,110.9827560572969,674.0,0.9332344213649851,39.42567630839938,20.984091733263956
567,814,140.0243866176395,908.0,0.8964757709251101,43.14884564358147,27.393101075704802
568,227,68.94112549695429,261.0,0.8697318007662835,24.98248107996316,13.19194886027552
569,6,4.0,NaN,NaN,6.831300510639732,0.0
570,315,73.4558441227157,324.0,0.9722222222222222,28.342773750066964,14.521207175560816
571,143,49.45584412271571,149.0,0.959731543624161,19.31960166647822,9.96444341792907
572,21,20.414213562373096,29.0,0.7241379310344828,16.267515049710493,2.238230878048949
573,320,77.01219330881976,354.0,0.903954802259887,26.473203623874145,16.588035669991086
574,463,81.59797974644667,467.0,0.9914346895074947,28.46557501202405,20.88177221349822
575,1716,198.75230867899737,1878.0,0.9137380191693291,62.03578144789885,38.83376930100747
576,278,72.97665940288702,289.0,0.9619377162629758,27.04226099166591,13.4519450065577
577,305,74.42640687119285,316.0,0.9651898734177216,28.492876550389916,13.873043038899807
579,476,83.35533905932738,482.0,0.9875518672199171,26.599054876827466,23.40348332158741
580,159,49.45584412271571,167.0,0.9520958083832335,16.046936700026812,13.042012802094968
581,429,101.1543289325507,505.0,0.8495049504950495,33.62310612229699,18.199058250880196
582,699,137.1959594928933,787.0,0.8881829733163914,46.615692944419656,20.453801588727977
584,155,52.31980515339465,164.0,0.9451219512195121,18.399764353058604,11.23615455351416
585,194,58.526911934581186,199.0,0.9748743718592965,21.98724763233085,12.182679281252348
586,529,93.84062043356593,541.0,0.977818853974122,34.78632629038634,20.089848688674852
587,542,103.29036790187179,594.0,0.9124579124579124,31.951780094043066,22.48106931735806
588,1089,159.19595949289334,1241.0,0.8775181305398871,58.58368654672124,25.550312924908685
589,113,41.556349186104036,113.0,1.0,16.87502503568632,8.615710984758877
590,749,135.1543289325507,818.0,0.9156479217603912,56.04048920975883,17.826879299990708
591,927,127.63961030678928,965.0,0.960621761658031,37.8049550687803,32.897460426046614
592,643,129.12489168102783,709.0,0.9069111424541608,48.44631436986503,17.983322767454954
593,380,95.49747468305834,453.0,0.8388520971302428,29.605131984095586,19.03826107030293
594,122,40.62741699796952,123.0,0.991869918699187,13.844681749368235,11.36869033640075
595,1131,152.19595949289334,1197.0,0.9448621553884712,54.76892672401373,27.26718308263705
596,203,56.8700576850888,208.0,0.9759615384615384,20.57648081139245,12.811315471493968
598,440,85.94112549695429,446.0,0.9865470852017937,30.277644372367984,19.231640252396655
599,587,116.1543289325507,675.0,0.8696296296296296,41.13336950588687,20.064007827776887
601,1569,190.40916292848974,1686.0,0.9306049822064056,68.10576715429812,30.521015727338472
602,219,60.62741699796952,224.0,0.9776785714285714,24.421630104166677,11.544068432204368
604,1629,189.1370849898476,1757.0,0.9271485486624929,54.99802999861116,39.95411171503445
606,394,85.59797974644667,416.0,0.9471153846153846,27.955605087121832,18.882030931173805
607,724,121.9827560572969,791.0,0.9152970922882427,35.87025567838948,27.154137673282264
608,454,85.01219330881975,466.0,0.9742489270386266,28.75699870867794,20.641181442593375
609,248,59.94112549695428,248.0,1.0,20.695687115723384,15.31018792396025
611,979,128.12489168102783,1001.0,0.978021978021978,44.19578582152965,29.198418492694607
612,413,89.94112549695429,443.0,0.9322799097065463,34.74986891339693,16.56657850823467
613,162,81.73401871576772,274.0,0.5912408759124088,26.980425930326206,13.087837458915688
614,214,62.384776310850235,230.0,0.9304347826086956,20.054537216419003,14.598926837934048
615,1445,182.7817459305202,1574.0,0.9180432020330368,59.98360260063359,32.65598582002872
616,572,105.63961030678928,581.0,0.9845094664371773,39.45672583379675,20.097697241973812
617,107,41.798989873223334,113.0,0.9469026548672567,15.935244951289087,8.950422788288737
619,2446,248.72896808188437,2840.0,0.8612676056338028,77.95228931190672,43.72941424547504
620,125,42.384776310850235,125.0,1.0,16.782470774997165,9.609055868625491
621,353,76.52691193458118,363.0,0.9724517906336089,24.067014588249727,19.473308418554122
622,147,50.49137802864845,157.0,0.9363057324840764,18.291963380456775,10.7666868284023
623,182,51.698484809835,184.0,0.9891304347826086,17.31221615342105,13.835483722942547
626,578,116.63961030678927,655.0,0.8824427480916031,39.17034075883585,20.00014702127588
627,128,41.79898987322333,128.0,1.0,14.965859572054983,11.004509036959815
628,120,40.970562748477136,121.0,0.9917355371900827,15.222166882101888,10.106822331260341
629,2085,222.20815280171306,2273.0,0.9172899252089749,76.04383852905445,37.50485938258033
630,1622,192.40916292848974,1732.0,0.9364896073903002,75.3532976022393,28.081261652130017
631,257,67.94112549695429,264.0,0.9734848484848485,25.87891628075835,13.004065392072862
632,117,45.698484809834994,121.0,0.9669421487603306,18.956479674652268,8.037404169236636
633,1322,176.0243866176395,1469.0,0.899931926480599,59.08957333227985,31.833488629762233
635,217,62.18376618407356,226.0,0.9601769911504425,22.393336826049506,12.932913359034256
637,325,87.25483399593904,344.0,0.9447674418604651,34.835390673420825,12.720835508661725
639,415,92.25483399593902,436.0,0.9518348623853211,35.68360347513186,15.376115518591915
640,274,76.56244584051392,308.0,0.8896103896103896,27.747756426643182,13.385456165252828
642,6,4.0,NaN,NaN,6.831300510639732,0.0
644,2,0.0,NaN,NaN,2.0,0.0
646,937,151.1959594928933,1041.0,0.9000960614793467,48.100398815315465,27.08602344524559
647,146,47.45584412271572,149.0,0.9798657718120806,17.005482866723064,11.138843137516169
648,1156,150.71067811865476,1217.0,0.9498767460969597,51.19675007367176,29.653467680108683
650,211,62.94112549695428,223.0,0.9461883408071748,23.96571485349174,11.684093115098982
651,2,0.0,NaN,NaN,2.0,0.0
653,3,1.0,NaN,NaN,3.265986323710904,0.0
656,100,38.62741699796952,100.0,1.0,14.961896438385676,8.688340173302496
657,2,0.0,NaN,NaN,2.0,0.0
658,164,56.2842712474619,181.0,0.9060773480662984,21.703055357010875,10.40483315355844
659,349,90.11879502661796,400.0,0.8725,33.42961245824019,14.80569232694287
661,2822,260.69343417595167,3147.0,0.8967270416269463,80.51549617880929,49.63712401801112
662,176,53.4558441227157,182.0,0.967032967032967,16.133835624746908,14.490181518198519
663,718,109.84062043356593,751.0,0.9560585885486018,33.571191256557974,28.01637218872029
664,133,43.45584412271571,133.0,1.0,13.820054776850135,12.357729352010642
665,169,51.4558441227157,171.0,0.9883040935672515,16.976544606061157,13.106988664762474
666,115,39.79898987322333,115.0,1.0,13.546908502435784,11.152168984157646
668,463,89.7401153701776,487.0,0.9507186858316222,31.226508336616874,19.750220823242962
669,268,63.94112549695428,274.0,0.9781021897810219,22.366718784428027,15.546346893527305
670,221,58.8700576850888,222.0,0.9954954954954955,23.321023519429982,12.20224205671873
672,1703,221.3797256769669,2005.0,0.8493765586034913,70.26715298568467,33.732799261522786
673,373,77.35533905932738,377.0,0.9893899204244032,28.81137822943871,16.68424752603993
675,170,48.62741699796952,171.0,0.9941520467836257,16.464363282368943,13.220311827652482
676,291,66.76955262170047,292.0,0.9965753424657534,25.011833215633633,14.924912820765678
680,389,84.18376618407356,420.0,0.9261904761904762,31.242572110620138,17.084712089694445
682,2,0.0,NaN,NaN,2.0,0.0
683,100,40.04163056034262,100.0,1.0,16.190107809489945,8.00462423334741
684,2,0.0,NaN,NaN,2.0,0.0
685,154,47.21320343559642,154.0,1.0,16.07324164143937,12.592663485957193
688,100,36.970562748477136,100.0,1.0,13.487380016260502,9.463835390420572
689,147,48.077164466275356,156.0,0.9423076923076923,15.200680123212724,13.230706399441866
690,1397,166.71067811865476,1499.0,0.9319546364242829,53.99681579553639,34.18967692588971
691,548,92.08326112068522,554.0,0.9891696750902527,29.585094137747323,24.532656754432956
692,219,55.698484809834994,220.0,0.9954545454545455,19.1218445009571,14.674823848027025
693,114,38.97056274847714,114.0,1.0,14.210505690206762,10.257891954862146
696,3668,299.8061325481597,4099.0,0.894852403025128,99.67800125897311,48.879018467813275
697,1352,165.095454429505,1433.0,0.9434752267969295,50.90038234091065,35.15426467805083
698,119,41.21320343559643,120.0,0.9916666666666667,15.03190251545636,10.265095228569564
700,3338,398.6112190757929,4643.0,0.7189317251776869,96.99093377428291,58.577919050546654
701,439,95.25483399593904,483.0,0.9089026915113871,29.300279838128212,20.715106702833157
702,113,41.55634918610404,113.0,1.0,16.644657599787013,8.728737915274056
703,165,52.698484809835,171.0,0.9649122807017544,19.261203175561434,11.3269107907134
706,249,73.59797974644665,279.0,0.8924731182795699,28.405424171552816,12.781007956005407
707,230,61.94112549695428,237.0,0.9704641350210971,23.72043026675542,12.646507653256984
708,113,40.62741699796952,114.0,0.9912280701754386,15.018399372338406,9.778702717403409
713,158,46.62741699796951,158.0,1.0,15.13782636734116,13.437763957070153
714,3141,287.86500705120545,3396.0,0.9249116607773852,106.31507827867668,39.00357661262051
717,1421,168.8528137423857,1537.0,0.9245283018867925,50.919115500192,37.2096682949637
718,2477,258.86500705120545,2929.0,0.8456811198361216,94.92357232809324,36.07909842819933
721,101,40.62741699796952,104.0,0.9711538461538461,15.102205538002393,8.714932698562489
722,301,72.18376618407356,318.0,0.9465408805031447,23.156605738285513,17.336734830424543
723,196,54.04163056034262,198.0,0.98989898989899,19.62880010931038,13.043821397737531
726,153,46.62741699796952,154.0,0.9935064935064936,16.42164645668951,12.2235920954627
727,787,135.29646455628165,882.0,0.8922902494331065,49.65261833733336,21.5749314641721
728,228,57.21320343559642,228.0,1.0,19.428648649010647,15.334610030820311
729,7465,405.5046173579948,8130.0,0.9182041820418204,126.30878792902078,78.94536216554263
730,2051,217.85891039679558,2225.0,0.9217977528089888,68.5857135067208,39.40569838647606
731,128,45.04163056034262,135.0,0.9481481481481482,16.398984699583973,10.291933091519336
732,248,64.5269119345812,255.0,0.9725490196078431,22.841263413891678,14.43160499036404
733,1468,180.50966799187808,1584.0,0.9267676767676768,69.15678342598537,27.849262858427267
734,1065,138.46803743153546,1111.0,0.9585958595859586,44.27812905315317,31.36003825156342
735,126,41.79898987322333,129.0,0.9767441860465116,13.414566574712449,12.080022956642747
736,5646,370.2264427649427,6632.0,0.8513268998793727,108.37829633258971,75.82670400589629
737,143,47.112698372208094,143.0,1.0,18.026328343648103,10.293306863531747
738,127,44.04163056034262,129.0,0.9844961240310077,15.40003268940274,10.84237421423453
739,283,75.42640687119285,304.0,0.930921052631579,25.685822889463562,15.618487050907776
740,367,80.42640687119285,393.0,0.9338422391857506,23.882889617015092,20.230224600590564
742,1154,144.22539674441617,1222.0,0.9443535188216039,46.817939407691284,32.375912128159975
743,186,57.21320343559643,189.0,0.9841269841269841,23.425867042871147,10.432243918231512
744,446,86.42640687119284,454.0,0.9823788546255506,32.26298479769584,18.037082188996365
745,151,44.38477631085024,151.0,1.0,15.293226454312222,12.57841478516843
746,566,107.25483399593905,596.0,0.9496644295302014,43.17695421593198,16.9542947709874
747,299,74.18376618407358,325.0,0.92,24.69751919185851,16.619427265301663
748,298,66.76955262170047,304.0,0.9802631578947368,21.376677786285445,18.438598878722832
749,133,43.21320343559643,133.0,1.0,15.259036164936195,11.456587522315544
750,15931,720.653895656662,18110.0,0.8796797349530646,178.2967506315973,125.53970693456138
752,406,81.25483399593904,421.0,0.9643705463182898,29.668054293462355,17.782640098340742
754,1090,160.7523086789974,1215.0,0.897119341563786,47.408012424013315,31.844445499231
755,2889,234.89444430272832,3116.0,0.9271501925545571,68.62572777485467,56.273604061577934
756,233,60.2842712474619,236.0,0.9872881355932204,18.947808887170375,16.410315856212826
757,174,55.941125496954285,181.0,0.9613259668508287,18.460318779023766,12.632004416722184
758,58,32.935028842544405,68.0,0.8529411764705882,12.974100641388988,6.514663899381281
759,2,0.0,NaN,NaN,2.0,0.0
760,108,46.62741699796952,120.0,0.9,16.10973004340463,9.585900703871477
761,151,54.04163056034261,159.0,0.949685534591195,22.22485958741866,9.36506761154798
762,812,129.98275605729688,886.0,0.9164785553047404,40.536900444623505,27.682097842213818
763,2,0.0,NaN,NaN,2.0,0.0
764,1195,171.02438661763952,1292.0,0.9249226006191951,66.95861989134116,23.474174900808787
765,150,46.04163056034262,150.0,1.0,15.376057141527122,12.84757738090223
766,109,41.62741699796952,113.0,0.9646017699115044,15.270534117961164,9.288423221003221
767,580,103.49747468305831,593.0,0.9780775716694773,37.925763563823125,20.391392102896994
768,116,39.79898987322333,116.0,1.0,13.67780357597049,11.121359334691002
769,1301,151.88225099390854,1354.0,0.9608567208271788,49.62798965020561,34.04929012382066
770,316,72.18376618407356,327.0,0.9663608562691132,27.105566155387084,15.611609412536922
775,178,50.04163056034261,178.0,1.0,18.25955498492144,12.483609810117006
777,115,41.79898987322333,115.0,1.0,16.272023101368585,9.101474646895053
780,2,0.0,NaN,NaN,2.0,0.0
781,170,54.2842712474619,176.0,0.9659090909090909,21.616013025380425,10.4507688292239
782,258,84.42640687119285,299.0,0.862876254180602,28.92993378463866,13.880687938597584
783,2450,271.3919189857866,2852.0,0.8590462833099579,74.03233012688806,45.352052150472595
784,100,38.384776310850235,102.0,0.9803921568627451,13.897525655108899,9.273595886471975
785,235,64.8700576850888,254.0,0.9251968503937008,21.97753808598603,14.355600495352231
786,256,69.35533905932738,274.0,0.9343065693430657,21.017512914890382,17.37792917343119
787,2,0.0,NaN,NaN,2.0,0.0
788,2,0.0,NaN,NaN,2.0,0.0
790,459,102.56854249492379,504.0,0.9107142857142857,41.81608320369414,15.561786754240169
791,277,65.94112549695429,286.0,0.9685314685314685,20.594404199792052,17.852023447681695
792,156,46.2842712474619,156.0,1.0,15.527679012082972,12.961417778763774
793,1167,155.63961030678928,1250.0,0.9336,59.42139075889976,25.669690725279633
794,145,45.55634918610404,146.0,0.9931506849315068,17.725738434113683,10.486793894822931
795,311,76.18376618407356,332.0,0.9367469879518072,26.710046887353087,15.651478522443261
796,1340,192.99494936611666,1504.0,0.8909574468085106,60.716685691469216,31.47004441503865
797,2843,260.8355697996826,3000.0,0.9476666666666667,97.4552547994029,37.72589877932675
798,108,36.97056274847714,108.0,1.0,12.818663098697389,10.740618637107122
799,144,46.38477631085023,146.0,0.9863013698630136,16.806785259891345,11.144305697297273
800,133,46.04163056034261,135.0,0.9851851851851852,16.47488261376958,10.637279097449547
801,240,63.112698372208094,252.0,0.9523809523809523,19.86494380308285,16.25167878269554
802,193,62.112698372208094,216.0,0.8935185185185185,19.239944153726753,14.675893584829808
803,360,71.698484809835,360.0,1.0,25.17051212675277,18.386968970414
804,124,43.21320343559643,125.0,0.992,16.214738138648425,10.009675791291992
805,714,104.66904755831213,730.0,0.9780821917808219,32.24715403502339,28.679830682217588
806,149,48.04163056034262,150.0,0.9933333333333333,18.151231657060567,10.892240016191124
807,238,61.94112549695427,243.0,0.9794238683127572,21.345681053595825,14.965357617001766
808,370,75.01219330881976,373.0,0.9919571045576407,25.265149780150523,18.871129812675942
809,758,123.04772721475248,794.0,0.9546599496221663,46.90230220028617,21.887768048328716
810,180,61.11269837220809,187.0,0.9625668449197861,25.623994886708303,9.410607207893417
811,245,73.59797974644667,258.0,0.9496124031007752,31.930588577300714,10.246736743885355
812,268,65.01219330881975,275.0,0.9745454545454545,21.443811840706275,16.586343675326994
813,222,60.526911934581186,224.0,0.9910714285714286,24.300689022888267,11.830541023278295
814,120,44.04163056034262,121.0,0.9917355371900827,16.972084885519475,9.191270083608275
815,162,46.384776310850235,162.0,1.0,16.22137260972812,12.812131611955353
816,2504,284.492424049175,3016.0,0.830238726790451,73.23274544616106,50.039797193314904
817,214,56.45584412271571,218.0,0.981651376146789,17.300752935974838,16.37744412131764
818,1326,172.16652224137047,1434.0,0.9246861924686193,54.60072192651271,33.5129708595134
819,1308,172.36753236814712,1401.0,0.9336188436830836,68.27494958767517,25.584005189812157
820,488,94.5685424949238,509.0,0.9587426326129665,30.24858226672725,21.64015361653428
821,229,61.698484809834994,240.0,0.9541666666666667,20.147338480299172,14.830583145986862
822,190,56.21320343559642,195.0,0.9743589743589743,19.49672573997176,12.853386377760565
823,1052,134.36753236814712,1092.0,0.9633699633699634,44.96992501494811,30.46187331548857
824,186,64.18376618407356,215.0,0.8651162790697674,21.796100142574065,12.79316741314991
825,245,65.01219330881976,253.0,0.9683794466403162,22.328118766499657,14.487877492291094
826,138,45.21320343559642,138.0,1.0,17.40041779747276,10.170551669351198
827,446,90.52691193458118,469.0,0.9509594882729211,36.4554308309466,16.260473508234817
828,240,60.2842712474619,240.0,1.0,20.717118859580346,15.165691820033881
829,362,79.59797974644667,374.0,0.9679144385026738,25.086891649673962,20.0420719711447
830,637,100.66904755831213,643.0,0.9906687402799378,35.34479383295454,24.344349653152182
831,1917,207.33809511662426,2087.0,0.9185433636799233,66.26816441941111,38.666529041217366
832,1678,211.10155108391487,1827.0,0.9184455391351943,66.07914791608553,33.95912178938496
833,3231,276.7350647362943,3628.0,0.8905733186328556,91.52821418006188,48.811372818129115
834,209,55.45584412271571,212.0,0.9858490566037735,18.577409130934424,14.628351978036683
835,148,52.2842712474619,159.0,0.9308176100628931,20.346087719059746,9.8530941323262
836,121,41.21320343559642,121.0,1.0,13.121898873419239,12.107510472584558
837,112,39.79898987322333,112.0,1.0,13.488896861897969,10.779145029710294
838,802,114.91168824543142,840.0,0.9547619047619048,34.05193985906722,31.22069578663005
839,104,38.04163056034262,104.0,1.0,13.098493467101333,10.2650035214154
840,182,58.698484809834994,197.0,0.9238578680203046,18.364484591337057,13.9333777556363
841,322,89.1543289325507,389.0,0.8277634961439588,28.08341481886951,18.40853873919079
843,196,55.45584412271572,197.0,0.9949238578680203,19.605133745364324,12.996821331730219
844,3147,267.7645019878171,3352.0,0.9388424821002387,91.67630252766206,45.55140848798135
845,194,54.8700576850888,197.0,0.9847715736040609,20.850019758744867,12.155212970760761
846,4059,289.17871555019025,4410.0,0.9204081632653062,90.43396005825556,59.10680392909448
847,161,48.8700576850888,161.0,1.0,17.870377986284616,11.71007287862364
848,265,65.35533905932738,269.0,0.9851301115241635,22.63124414389129,15.212142300466649
849,131,47.45584412271572,135.0,0.9703703703703703,19.218979891988845,9.053136985199526
850,506,96.25483399593904,535.0,0.9457943925233645,28.85891742437915,22.866090952567667
851,295,79.84062043356595,324.0,0.9104938271604939,25.336024793518845,15.591008278176465
852,405,80.42640687119285,413.0,0.9806295399515739,28.05056884520631,18.675281421097417
853,418,88.66904755831214,446.0,0.9372197309417041,26.61271106640098,21.359725331520647
854,907,132.53910524340094,938.0,0.9669509594882729,44.03183555160956,26.66432058599481
855,265,69.97665940288702,279.0,0.9498207885304659,24.98449270164862,14.016360330283224
856,1408,183.26702730475878,1583.0,0.8894504106127605,67.94865788789566,27.582919843607954
857,204,54.87005768508881,205.0,0.9951219512195122,20.1836598874375,13.167630833531225
858,1140,169.61017305526642,1286.0,0.8864696734059098,44.02703579181157,35.917827149434046
862,849,128.36753236814712,932.0,0.9109442060085837,42.68088435866772,27.901161991529232
865,570,107.49747468305833,603.0,0.945273631840796,36.75764296051244,21.688427294501565
866,385,80.66904755831214,393.0,0.9796437659033079,30.380994189226787,16.71738926073728
867,245,59.21320343559643,248.0,0.9879032258064516,20.248372920011906,15.918577565529773
868,425,82.08326112068522,429.0,0.9906759906759907,28.481867143898278,19.70640890562778
869,135,43.798989873223334,135.0,1.0,16.294290544021855,10.646749263425352
870,534,91.49747468305833,546.0,0.978021978021978,28.510630006497866,24.37464432978429
871,493,86.66904755831214,499.0,0.9879759519038076,28.463284360963502,22.525281539247768
872,147,53.11269837220809,155.0,0.9483870967741935,21.665960394872915,9.350543262916517
873,122,41.21320343559643,122.0,1.0,15.789111897490368,9.886501580836258
874,101,38.798989873223334,105.0,0.9619047619047619,13.188081469854637,10.004812327913683
875,146,46.62741699796952,147.0,0.9931972789115646,16.088040295184,12.059162961320236
876,415,85.84062043356593,425.0,0.9764705882352941,34.77080305724443,15.438046452516977
877,256,65.59797974644667,263.0,0.973384030418251,24.847904579597614,13.380925502374156
878,105,39.798989873223334,109.0,0.963302752293578,12.898845139792334,10.755388796504018
879,234,63.35533905932738,239.0,0.9790794979079498,23.37637074233891,13.672941818123647
880,250,59.79898987322332,252.0,0.9920634920634921,21.33690628019422,15.166309451880778
881,191,56.2842712474619,196.0,0.9744897959183674,21.148518137992394,11.822757601527933
882,101,36.970562748477136,101.0,1.0,11.859413550296988,10.97848516128444
883,7,7.414213562373095,8.0,0.875,5.656854249492381,1.8070158058105033
884,28,23.31370849898476,33.0,0.8484848484848485,12.169024443859573,3.7138113987056984
885,1318,171.58073580374355,1430.0,0.9216783216783216,59.07050182340211,29.66601924620223
888,107,41.21320343559643,110.0,0.9727272727272728,13.998143430269995,10.161552600998553
889,301,74.76955262170047,329.0,0.9148936170212766,23.469462232526165,17.736537671143456
890,1363,162.95331880577405,1423.0,0.9578355586788475,57.889540022770205,31.087818571187757
891,355,92.08326112068522,424.0,0.8372641509433962,31.20829920482616,18.103544607501988
892,323,79.84062043356595,345.0,0.936231884057971,29.62854545253208,14.590976778848786
893,256,92.46194077712559,334.0,0.7664670658682635,26.389314265234535,16.108013728655813
894,5824,364.6761902332485,6282.0,0.927093282394142,139.6787670317172,54.39097579742527
896,131,41.21320343559643,131.0,1.0,14.18240512428941,11.8192836798151
897,4221,300.73506473629425,4569.0,0.9238345370978333,93.62823467045169,60.50436344826111
899,107,39.45584412271571,107.0,1.0,15.557507019747552,8.878177827525267
904,576,100.91168824543144,605.0,0.9520661157024793,33.52321015532876,23.3632627596559
905,5953,398.6761902332485,6962.0,0.8550703820741167,125.16262908924115,68.38294355754581
906,439,95.49747468305833,471.0,0.9320594479830149,29.14288597610205,20.2475850342956
907,134,49.69848480983499,137.0,0.9781021897810219,20.881076249871796,8.334844191240867
908,660,107.39696961966999,679.0,0.9720176730486009,36.245504335487865,24.698632765024442
909,6717,499.8660530717319,8189.0,0.8202466723653682,157.40693816878104,60.88817612606531
910,676,111.15432893255071,733.0,0.922237380627558,33.15761417612699,27.24504385886443
911,318,69.59797974644665,319.0,0.9968652037617555,26.22583284622969,15.505393699824642
913,619,104.32590180780451,635.0,0.9748031496062992,39.695263096595,20.510027044771164
914,3739,304.8061325481597,4063.0,0.9202559684961851,92.61951601514957,52.888433542263535
915,103,37.14213562373095,105.0,0.9809523809523809,12.014123591262468,11.052355679721627
916,176,49.79898987322333,179.0,0.9832402234636871,18.17468339910372,12.414130473313842
917,288,71.59797974644665,299.0,0.9632107023411371,24.434208661180225,16.062430127725936
918,463,87.59797974644665,479.0,0.9665970772442589,30.927018464586425,19.779064840926324
919,5696,375.33304448274095,6248.0,0.911651728553137,114.57048189233221,66.17879820998674
920,196,55.45584412271571,200.0,0.98,18.00314097499624,14.665001146990813
921,112,42.284271247461895,113.0,0.9911504424778761,16.364351037637363,8.837686280381668
922,169,67.18376618407356,195.0,0.8666666666666667,27.88899355276849,8.994817680281567
923,3313,333.31475451951127,3770.0,0.8787798408488063,124.91807642379914,36.43529540001476
924,543,90.18376618407355,546.0,0.9945054945054945,31.776832725479647,22.713935486261544
925,1623,171.4386001800126,1738.0,0.9338319907940161,54.5370394696086,39.465176828349804
926,745,117.63961030678927,800.0,0.93125,39.42355141557301,25.19077332744481
927,133,45.45584412271571,137.0,0.9708029197080292,17.283923847775327,10.171145159103794
928,383,96.66904755831213,453.0,0.8454746136865342,35.09246690945935,15.925516632815373
929,194,60.526911934581186,198.0,0.9797979797979798,26.06065505566406,9.632313596005341
930,160,50.8700576850888,164.0,0.975609756097561,16.628742589007597,12.890788180267526
931,133,50.04163056034261,143.0,0.9300699300699301,16.05361358743876,11.764208029643372
932,222,58.52691193458119,229.0,0.9694323144104804,18.353699661843756,15.827167415702661
933,363,79.9411254969543,365.0,0.9945205479452055,32.0880055235907,14.684958433122075
934,136,46.2842712474619,138.0,0.9855072463768116,16.23398380982342,10.906617690869098
935,293,76.31980515339463,313.0,0.9361022364217252,26.01979326414421,15.488192353866456
936,329,73.59797974644667,334.0,0.9850299401197605,26.260716615302723,16.223411218645456
937,248,67.07716446627535,263.0,0.9429657794676806,23.209605706232214,14.255535429094973
938,139,45.21320343559643,140.0,0.9928571428571429,16.785094020755405,10.720499714747115
939,179,54.38477631085023,182.0,0.9835164835164835,20.948864179342344,11.184164738246801
940,555,103.7401153701776,584.0,0.9503424657534246,39.82992549327338,18.516050528044964
941,215,56.8700576850888,221.0,0.9728506787330317,20.18023087936002,13.9619598853703
942,124,43.79898987322332,127.0,0.9763779527559056,14.95693915378016,10.861566829942841
943,2847,288.18481220460006,3292.0,0.8648238153098421,114.982780490326,34.23701910648495
944,161,47.79898987322333,161.0,1.0,15.696578763911697,13.593781805864435
945,2459,213.79393923933998,2615.0,0.9403441682600382,65.88290516125585,50.30078419664386
946,126,45.21320343559643,133.0,0.9473684210526315,16.68747790601313,9.941742041887315
947,146,46.04163056034261,148.0,0.9864864864864865,15.697616639268539,12.053997240994022
948,761,131.46803743153546,819.0,0.9291819291819292,54.43712339280949,18.425597349991488
949,148,50.284271247461895,161.0,0.9192546583850931,17.89541552678111,11.279222809449251
950,198,56.04163056034261,202.0,0.9801980198019802,19.685171004895484,13.239993576942183
951,161,53.4558441227157,169.0,0.9526627218934911,21.007233218374214,10.328240039261809
952,143,43.4558441227157,143.0,1.0,14.920277753961587,12.292250802616314
953,914,130.84671708797583,973.0,0.9393627954779034,43.12179116474596,28.19545238223756
954,796,124.22539674441619,828.0,0.961352657004831,46.601874756902504,22.282358957284547
955,566,96.66904755831214,570.0,0.9929824561403509,36.20709567338094,20.060218171266563
956,104,38.14213562373095,104.0,1.0,13.136327012406607,10.400724893178836
957,740,106.08326112068524,757.0,0.9775429326287979,34.75632345126008,27.573789372444224
958,302,70.18376618407356,309.0,0.9773462783171522,25.761604679359447,15.178805136750642
959,154,46.38477631085024,154.0,1.0,16.836476497910258,11.762423823499297
960,242,64.52691193458118,247.0,0.979757085020243,25.992767905303015,12.032153208629179
961,120,42.21320343559643,123.0,0.975609756097561,14.779585332151187,10.587963379270468
962,520,90.18376618407356,530.0,0.9811320754716981,33.208735318870154,20.459549187582212
963,187,61.35533905932738,209.0,0.8947368421052632,22.434504928126444,12.027384844559776
964,199,54.420310216782966,203.0,0.9802955665024631,16.59360282583695,15.635211059255859
965,484,94.15432893255071,493.0,0.9817444219066938,36.020424072362644,17.338407324380768
966,148,49.4558441227157,154.0,0.961038961038961,17.265410884816816,11.509730014479338
967,193,50.62741699796952,193.0,1.0,16.889121115474023,14.65851862242695
968,167,52.8700576850888,174.0,0.9597701149425287,19.115576595245525,11.53660294597115
969,214,55.698484809834994,214.0,1.0,19.631154070277613,14.351900056019108
970,100,36.384776310850235,100.0,1.0,12.654567734735881,10.182392422558737
971,1065,159.19595949289334,1186.0,0.8979763912310287,55.42923604928407,27.560938442169295
972,11222,655.1391770309007,12797.0,0.8769242791279206,168.71248040966026,89.60956134731435
973,233,75.49747468305833,290.0,0.803448275862069,21.844908930330472,17.69521947592438
974,138,48.2842712474619,138.0,1.0,19.926360087892373,9.054598406754165
975,151,52.041630560342625,155.0,0.9741935483870968,20.463514669584935,9.98100336016103
976,153,47.55634918610404,154.0,0.9935064935064936,18.31560069400269,10.845522663541143
977,2829,269.0782104868019,3099.0,0.9128751210067764,97.12814178252015,38.21455871241367
978,211,56.87005768508881,214.0,0.985981308411215,20.142529679791643,13.691700346656134
979,834,125.15432893255071,908.0,0.9185022026431718,38.4116233244882,29.19092158740847
980,641,108.32590180780453,665.0,0.9639097744360903,38.490614161062396,22.72187424486679
981,312,81.74011537017762,337.0,0.9258160237388724,32.64492632261848,13.38350183449733
982,161,48.627416997969526,162.0,0.9938271604938271,17.688393987525124,11.842829852595123
983,268,72.42640687119285,275.0,0.9745454545454545,30.479198765020513,11.41318592158791
984,180,53.94112549695428,181.0,0.994475138121547,20.445847842052206,11.779282811381735
985,5409,368.326947828331,5651.0,0.9571757211113078,132.21373473556278,55.15787764069453
986,195,56.526911934581186,199.0,0.9798994974874372,22.69790013239956,11.138058567183942
987,370,79.59797974644667,385.0,0.961038961038961,31.48838783202155,15.37603364190035
988,265,67.94112549695427,267.0,0.9925093632958801,27.914648707950953,12.233264394682694
989,478,98.5685424949238,494.0,0.9676113360323887,40.094899442832336,15.570202823887128
990,945,126.56854249492379,986.0,0.9584178498985801,41.80976047724231,30.149422550529586
991,1366,164.8528137423857,1464.0,0.9330601092896175,49.551890974455546,36.37012460142787
992,399,95.25483399593904,470.0,0.8489361702127659,31.245539039307097,19.784227019656804
993,140,48.2842712474619,145.0,0.9655172413793104,18.467862884050927,10.167499225271388
994,1598,177.82337649086284,1697.0,0.9416617560400707,66.25825039919715,32.40524908750723
995,305,70.52691193458118,312.0,0.9775641025641025,27.844023029766362,14.361270755861478
996,210,64.18376618407356,215.0,0.9767441860465116,26.114031024288828,10.56647955747062
997,201,54.2842712474619,206.0,0.9757281553398058,17.761398714639743,14.905663808380293
998,217,68.76955262170047,250.0,0.868,23.373023461482344,13.499308304308977
999,234,60.76955262170047,237.0,0.9873417721518988,19.924051926203955,15.502697758275396
1000,1182,155.78174593052023,1301.0,0.9085318985395849,56.02730284872617,28.2442627548604
1001,1440,175.19595949289334,1547.0,0.9308338720103426,49.67753114861511,39.745629729825076
1002,4535,359.5046173579947,5011.0,0.9050089802434644,113.38609706036942,53.20379136811368
1003,113,40.384776310850235,114.0,0.9912280701754386,13.62162353139215,11.06162680520963
1004,218,58.2842712474619,223.0,0.9775784753363229,20.63325136505228,13.903866478148416
1005,1129,152.8528137423857,1249.0,0.9039231385108086,49.7239191009797,31.652017915096586
1006,471,93.84062043356596,500.0,0.942,34.15760839243004,19.634067092012486
1007,133,40.97056274847714,133.0,1.0,13.268556990929833,12.797359357121756
1008,295,71.94112549695427,307.0,0.9609120521172638,23.415234317292363,16.773357121766672
1009,101,39.21320343559642,106.0,0.9528301886792453,13.818184043876752,9.4995369950537
1010,381,100.22539674441617,422.0,0.9028436018957346,45.34748508139732,11.314981036708247
1011,139,48.041630560342625,147.0,0.9455782312925171,16.6191108058329,11.257701949879989
1012,2245,218.40916292848976,2389.0,0.9397237337798242,79.40337036139584,36.79724442418476
1013,288,79.84062043356595,302.0,0.9536423841059603,34.39406186522111,10.843829206886875
1014,193,54.04163056034261,201.0,0.9601990049751243,18.891125174998447,13.356312665947549
1015,661,115.63961030678927,726.0,0.9104683195592287,42.94383420655091,21.221959251392523
1016,518,93.22539674441619,534.0,0.9700374531835206,27.711122823342798,24.62030005440815
1017,502,107.39696961966999,548.0,0.916058394160584,43.06915821761301,15.977033734894503
1018,275,65.94112549695427,281.0,0.9786476868327402,21.467393650398495,17.137128652544792
1019,519,96.5685424949238,545.0,0.9522935779816514,33.297400628314705,21.429380895703236
1020,106,39.45584412271571,107.0,0.9906542056074766,14.940421300049087,9.119938257422021
1021,1211,144.2609306503489,1237.0,0.978981406628941,53.120076961972615,29.446485628726908
1022,396,78.01219330881975,404.0,0.9801980198019802,26.457195140732573,19.297402582101387
1023,1259,160.99494936611669,1341.0,0.9388516032811335,59.41825629111175,28.553761955394528
1024,688,109.88225099390856,725.0,0.9489655172413793,36.74683955815115,25.245307333397566
1025,117,40.62741699796952,117.0,1.0,15.621386975546159,9.596126544776084
1026,3801,381.56958851545033,5283.0,0.7194775695627484,125.80023996376495,52.44415711366456
1027,941,146.12489168102783,1043.0,0.9022051773729626,49.720631499075424,25.454639804944062
1028,531,102.56854249492379,558.0,0.9516129032258065,33.3697139580806,21.38395097442015
1029,220,60.76955262170047,225.0,0.9777777777777777,23.41026532022896,12.360954519969308
1030,111,39.21320343559643,111.0,1.0,12.78570005466927,11.329119137054876
1031,335,78.18376618407356,359.0,0.9331476323119777,26.38801904346763,17.06599531572691
1032,446,86.42640687119284,463.0,0.9632829373650108,30.175442198434098,19.714269065661124
1033,1235,170.12489168102783,1383.0,0.8929862617498192,58.571890778822606,28.580317570347766
1034,324,69.69848480983498,332.0,0.9759036144578314,22.047015210174667,19.124747736495074
1035,230,55.698484809834994,234.0,0.9829059829059829,18.464382297341086,15.987271886412504
1036,374,78.42640687119284,379.0,0.9868073878627969,29.146687163806433,16.794208846808647
1037,382,100.9116882454314,446.0,0.8565022421524664,29.600084255187497,20.919226093158215
1038,288,65.97665940288701,297.0,0.9696969696969697,20.406949483235433,18.212879993708306
1039,192,59.31980515339464,209.0,0.9186602870813397,17.129351485249632,15.128609130470446
1040,147,45.21320343559642,147.0,1.0,14.249602290544066,13.287014099234838
1041,258,71.35533905932738,262.0,0.9847328244274809,29.355121541532988,11.992808980755726
1042,144,45.45584412271571,144.0,1.0,18.155794551923037,10.202078316016761
1043,178,54.8700576850888,180.0,0.9888888888888889,22.413362972950072,10.265529312684277
1044,2713,232.20815280171308,2828.0,0.9593352192362093,82.57221148935676,42.46415411182006
1045,1110,140.95331880577405,1163.0,0.9544282029234737,47.98148085939612,30.469859838743055
1046,311,73.35533905932736,331.0,0.9395770392749244,25.163044175662797,16.53441427441357
1047,468,85.4558441227157,470.0,0.9957446808510638,33.58906728995393,17.956493904841945
1048,519,105.46803743153546,569.0,0.9121265377855887,29.026128350892833,25.098845839749913
1049,304,74.76955262170047,316.0,0.9620253164556962,29.69013454085938,13.455884763492264
1050,376,74.18376618407356,378.0,0.9947089947089947,27.43106527916244,17.663675206394664
1051,1630,188.75230867899737,1765.0,0.9235127478753541,51.63300775620297,42.393289989687396
1052,226,61.698484809834994,237.0,0.9535864978902954,19.647571215874127,15.446512997558811
1053,187,55.45584412271571,194.0,0.9639175257731959,17.867458400525297,14.273932573087906
1054,171,50.62741699796952,173.0,0.9884393063583815,17.95416995656542,12.419734802524523
1055,123,51.4558441227157,138.0,0.8913043478260869,19.352695722607447,9.071682873057622
1056,169,50.04163056034261,169.0,1.0,18.98409388088459,11.393959326725307
1057,5628,367.8477631085023,6339.0,0.8878371982962613,136.67394321267298,55.785690345829536
1058,1743,192.3086578651014,1864.0,0.9350858369098712,74.01372767366271,31.770501125660505
1059,157,48.2842712474619,157.0,1.0,18.900322589895783,10.603284289086377
1060,492,107.1543289325507,543.0,0.9060773480662984,39.25101975072082,17.513774337510682
1061,116,40.384776310850235,116.0,1.0,14.392441203965621,10.420257872117519
1062,161,52.62741699796952,170.0,0.9470588235294117,17.596336937594444,12.599686131345685
1063,987,131.46803743153546,1036.0,0.9527027027027027,44.407841174789176,29.20784641072661
1064,136,48.04163056034262,138.0,0.9855072463768116,18.845238366044963,9.458920539795129
1065,116,41.21320343559643,117.0,0.9914529914529915,15.663363854320055,9.55640658023464
1066,103,42.04163056034261,107.0,0.9626168224299065,16.634150166325377,8.171962121709766
1067,1244,185.43860018001263,1449.0,0.8585231193926847,56.130160961285036,32.44284046071329
1068,326,73.25483399593904,338.0,0.9644970414201184,24.93502824676407,17.335046629919066
1069,300,77.84062043356595,331.0,0.9063444108761329,28.7429633864481,14.861210141721793
1070,116,39.79898987322333,117.0,0.9914529914529915,13.129735484540413,11.37910390487487
1071,153,51.69848480983499,159.0,0.9622641509433962,17.595129490689285,11.729520530553947
1072,133,43.213203435596434,134.0,0.9925373134328358,13.639781868793703,12.681431086483306
1073,325,96.32590180780451,367.0,0.885558583106267,38.62693299056828,12.11859036181737
1074,2501,249.0010460205265,2904.0,0.8612258953168044,81.55389356342718,42.76828569262309
1075,1467,158.85281374238568,1517.0,0.9670402109426499,55.33193166377648,34.409741376422566
1076,299,70.76955262170047,305.0,0.980327868852459,25.945861878165942,15.453974120916442
1077,227,61.94112549695428,236.0,0.961864406779661,18.09474843897258,16.985647872227258
1078,118,41.21320343559643,119.0,0.9915966386554622,13.262160180268923,12.027077187069166
1079,424,82.18376618407356,431.0,0.9837587006960556,29.70804512802445,18.87272242366941
1080,300,70.52691193458118,302.0,0.9933774834437086,27.890125137184363,13.806959108804408
1081,210,56.52691193458118,213.0,0.9859154929577465,17.42230858692664,15.64612744711839
1082,166,51.698484809834994,167.0,0.9940119760479041,19.94064114077961,10.871801116650008
1083,298,69.35533905932738,303.0,0.9834983498349835,26.929132308933983,14.261894221698412
1084,1698,190.89444430272832,1862.0,0.9119226638023631,54.92847340310934,42.29126811613278
1085,352,79.01219330881976,369.0,0.9539295392953929,25.746193519501027,19.22128094475573
1086,161,48.2842712474619,163.0,0.9877300613496932,17.387055088875183,11.886827065467186
1087,107,38.627416997969526,107.0,1.0,13.344771455618348,10.475866768607947
1088,2300,200.55129855222071,2428.0,0.9472817133443163,60.548097106084334,50.277333669135146
1089,125,41.79898987322333,125.0,1.0,15.517275577725307,10.390966011152658
1090,104,38.384776310850235,104.0,1.0,14.142632851266459,9.43009885614385
1091,104,37.798989873223334,104.0,1.0,12.690881894401937,10.63212624352803
1092,500,106.08326112068522,558.0,0.8960573476702509,39.60494050148959,17.694639636722446
1093,187,59.11269837220809,198.0,0.9444444444444444,22.367472467457947,11.302677083596308
1094,140,48.526911934581186,142.0,0.9859154929577465,20.091918541316023,9.013080808228228
1095,505,96.56854249492382,524.0,0.9637404580152672,35.13387540321828,18.95254942499719
1096,103,46.8700576850888,117.0,0.8803418803418803,17.099990612112357,8.633779845161246
1097,142,44.04163056034261,142.0,1.0,14.004139172531332,13.028524378171015
1098,155,51.698484809834994,162.0,0.9567901234567902,19.329226213929648,10.698003471617836
1099,148,49.4558441227157,155.0,0.9548387096774194,17.1790026642504,11.55288524371176
1100,411,99.49747468305833,447.0,0.9194630872483222,38.02283633828611,15.724557502807944
1101,3069,299.9421715174808,3476.0,0.8829113924050633,85.83819657874618,51.82771597434084
1102,309,67.698484809835,314.0,0.9840764331210191,23.43451541287288,17.10046981757977
1103,1112,157.9177848998413,1252.0,0.8881789137380192,55.97622559101461,27.467485763035494
1104,118,40.970562748477136,119.0,0.9915966386554622,14.491572830884513,10.6567750053464
1105,554,109.08326112068524,612.0,0.9052287581699346,34.5547516043936,22.044412187143873
1106,155,49.79898987322333,161.0,0.9627329192546584,19.190239654747153,10.62670191379479
1107,13779,514.4163056034262,14498.0,0.9504069526831287,175.32712745280546,104.34842338782768
1108,112,39.79898987322333,112.0,1.0,14.36422915998037,10.033136030113077
1109,1727,188.40916292848974,1802.0,0.9583795782463929,69.63572140645785,32.61652219720336
1110,1081,158.71067811865476,1118.0,0.9669051878354203,65.47619950350102,21.512235802168284
1111,144,48.04163056034262,146.0,0.9863013698630136,16.114003637727063,11.96220247270071
1112,101,39.45584412271571,104.0,0.9711538461538461,13.004306552516699,10.272212101000443
1113,607,100.66904755831214,619.0,0.9806138933764136,36.84124205766073,21.392405552305046
1114,902,130.91168824543144,958.0,0.941544885177453,43.1046260510226,28.277924919130136
1115,137,44.8700576850888,137.0,1.0,17.05016629939222,10.40502779518108
1116,159,51.21320343559643,162.0,0.9814814814814815,21.021551070848385,9.881238314098862
1117,1055,130.46803743153546,1071.0,0.9850606909430439,47.24837926563055,28.737459934993648
1118,4059,398.1970055134198,5182.0,0.7832883056734852,87.96755691526762,78.05488195281038
1119,1906,245.52186130069785,2152.0,0.8856877323420075,91.8115968701324,28.94992214489869
1120,252,66.76955262170047,260.0,0.9692307692307692,20.098669681713346,17.523525994900627
1121,656,106.81118318204308,677.0,0.9689807976366323,34.151577292614185,26.888090375855082
1122,247,67.84062043356595,250.0,0.988,28.8910365406541,11.221459933657158
1123,1005,131.29646455628165,1031.0,0.9747817652764307,49.54663235038601,26.240362480290983
1124,118,42.04163056034261,119.0,0.9915966386554622,15.510449246114897,9.928989202308413
1125,166,59.94112549695428,167.0,0.9940119760479041,26.537123190684333,8.085764225438044
1126,442,91.01219330881976,461.0,0.9587852494577006,30.276871111358783,20.10391110287589
1127,129,44.04163056034262,132.0,0.9772727272727273,14.246902475520123,11.796814146048044
1128,250,63.698484809834994,253.0,0.9881422924901185,24.09473205883971,13.41864669080761
1129,313,76.14823227814082,348.0,0.8994252873563219,25.260578517398095,16.648874659583836
1130,141,46.8700576850888,142.0,0.9929577464788732,17.51310722458172,10.556431737840725
1131,1010,122.56854249492379,1022.0,0.9882583170254403,39.80104567314468,32.70961671813865
1132,4524,289.27922061357856,4670.0,0.9687366167023554,111.31233768762259,53.080057165480746
1133,102,36.970562748477136,102.0,1.0,13.789473989968938,9.431044566776865
1134,364,79.59797974644667,389.0,0.9357326478149101,28.183761911300422,17.864783994409496
1135,117,43.79898987322333,122.0,0.9590163934426229,15.030519907704544,10.320953039333803
1136,3573,340.22034611053283,4155.0,0.859927797833935,101.81165639731066,50.72037370203306
1137,113,37.79898987322333,113.0,1.0,13.370300403946134,10.773654180240706
1138,221,55.45584412271571,222.0,0.9954954954954955,19.61654443303215,14.46432493620225
1139,277,71.94112549695427,305.0,0.9081967213114754,24.16906080104557,16.10046355033057
1140,529,110.05382386916239,590.0,0.8966101694915254,35.78582162381329,19.7690406189127
1141,209,57.698484809834994,212.0,0.9858490566037735,21.831309222183425,12.41292059707724
1142,112,42.04163056034262,117.0,0.9572649572649573,12.444694585507996,12.169906223539869
1143,1163,153.4386001800126,1246.0,0.9333868378812199,50.344247096565944,32.392825931406996
1144,1271,152.53910524340094,1330.0,0.955639097744361,50.20559645686566,33.320627499195055
1145,110,37.55634918610404,110.0,1.0,12.108912678677855,11.599445085957266
1146,114,39.798989873223334,114.0,1.0,13.975718008465646,10.554101714315152
1147,1230,144.36753236814712,1259.0,0.9769658459094519,51.4357540216219,31.396889584921205
1148,197,55.21320343559642,197.0,1.0,21.917799293368233,11.603847037756092
1149,215,59.698484809834994,221.0,0.9728506787330317,21.48152728151559,13.149931870782934
1150,186,52.8700576850888,186.0,1.0,19.922666405749844,12.108589713725154
1151,287,67.76955262170047,292.0,0.9828767123287672,24.877746330138837,14.989976110176865
1152,14539,568.0731598529185,15166.0,0.9586575234076223,232.9668166784309,80.89510503930293
1153,5660,408.5107140124046,6697.0,0.8451545468120054,112.61027788769707,73.32890799838167
1154,252,61.112698372208094,253.0,0.9960474308300395,22.778066199159113,14.22482482387073
1155,147,45.45584412271571,148.0,0.9932432432432432,14.647839701985978,13.072568195670511
1156,252,83.59797974644665,299.0,0.842809364548495,31.197490309086202,12.664201724466283
1157,141,47.45584412271571,142.0,0.9929577464788732,19.03743773984969,9.511354224076083
1158,282,82.66904755831214,337.0,0.8367952522255193,25.238563682167786,18.29841014622143
1159,108,41.62741699796952,112.0,0.9642857142857143,15.254739540365845,9.376775721288258
1160,1543,178.50966799187808,1658.0,0.9306393244873341,65.97174422353659,30.76249056687549
1161,2575,229.86500705120545,2913.0,0.8839684174390663,72.32860339100591,52.42954669988617
1162,761,121.39696961967,784.0,0.9706632653061225,45.81583963028335,22.481359806590376
1163,454,89.49747468305833,471.0,0.9639065817409767,31.262187211964132,19.817507377966216
1164,905,143.1543289325507,1014.0,0.8925049309664694,58.93215668552141,20.82780738604038
1165,1307,208.0660171779821,1607.0,0.8133167392657125,67.85828878560207,29.40656152968134
1166,146,46.04163056034261,148.0,0.9864864864864865,15.154647093203858,12.507712931512557
1167,173,51.79898987322333,176.0,0.9829545454545454,20.501886564510976,10.928798048308204
1168,234,60.87005768508881,240.0,0.975,22.412879301193183,13.453704507480388
1169,147,47.21320343559643,155.0,0.9483870967741935,15.29021599988478,12.870519350253366
1170,393,92.29036790187178,441.0,0.891156462585034,33.41985640756188,16.47339451155772
1171,883,131.7401153701776,961.0,0.918834547346514,50.201202887087824,24.317002067167
1172,750,125.98275605729688,802.0,0.9351620947630923,44.5743977078084,22.28095534774816
1173,656,105.39696961967,669.0,0.9805680119581465,38.97744153067577,22.144181068016042
1174,364,75.59797974644667,372.0,0.978494623655914,25.81478541858472,18.23207258506009
1175,255,62.90559159102154,257.0,0.9922178988326849,23.070816680985928,14.253564456573963
1176,653,115.88225099390856,687.0,0.950509461426492,45.76342523329577,18.978557894783712
1177,198,54.870057685088796,202.0,0.9801980198019802,19.560434764505093,13.156283287698743
1178,288,67.94112549695429,291.0,0.9896907216494846,25.16636926232064,14.78343929159671
1179,1006,126.12489168102785,1027.0,0.9795520934761441,42.3098611478397,30.969078068232726
1180,222,59.11269837220809,231.0,0.961038961038961,21.325119675440718,14.060985400579371
1181,115,41.21320343559643,120.0,0.9583333333333334,14.178404942917384,10.910350334786457
1182,1360,172.8528137423857,1529.0,0.8894702419882276,46.817196199274456,39.13943789218427
1183,6729,406.6761902332485,7573.0,0.8885514327215106,144.5707796898934,62.18358280441849
1184,142,49.04163056034261,151.0,0.9403973509933775,15.70416872909723,12.2111292380181
1185,165,55.698484809834994,181.0,0.9116022099447514,19.203986733037777,12.50926661419022
1186,1382,170.02438661763952,1444.0,0.9570637119113573,57.426256827252935,32.87748342861222
1187,118,40.62741699796952,118.0,1.0,12.571153419837207,12.011294120147003
1188,175,55.11269837220809,179.0,0.9776536312849162,20.4688476821104,11.24557732001525
1189,1197,150.98885271170678,1284.0,0.9322429906542056,42.382824954072255,37.27285575492255
1190,239,60.87005768508881,243.0,0.9835390946502057,21.51585398725145,14.43329973127614
1191,512,96.42640687119284,530.0,0.9660377358490566,36.537087531665144,18.61689996201373
1192,455,97.84062043356595,485.0,0.9381443298969072,28.317728713758843,21.90579874234416
1193,826,139.4386001800126,882.0,0.9365079365079365,55.875418571894286,19.47647718849759
1194,1068,137.88225099390857,1127.0,0.9476486246672582,42.465359946441524,32.87049219323561
1195,540,91.25483399593904,546.0,0.989010989010989,33.57936194663031,20.85851755068424
1196,1121,153.4386001800126,1163.0,0.9638865004299226,61.22139894645909,23.73058092060873
1197,1884,204.75230867899734,1963.0,0.9597554763117677,67.66541118362318,36.27240952004143
1198,180,53.698484809834994,184.0,0.9782608695652174,19.820508820188994,11.835238155929762
1199,214,81.25483399593904,270.0,0.7925925925925926,22.43185889011217,16.102370426090665
1200,6953,422.0315292925759,7494.0,0.9278089137977048,143.70014769521669,63.44620424264912
1201,194,53.698484809834994,194.0,1.0,19.132747371234956,13.20261762110531
1202,352,73.4558441227157,354.0,0.9943502824858758,27.548637124391604,16.444906130164277
1203,154,47.21320343559643,156.0,0.9871794871794872,17.020884254174387,11.84021380623222
1204,341,89.66904755831213,378.0,0.9021164021164021,26.447596972613333,17.87300286769321
1205,1075,168.85281374238568,1248.0,0.8613782051282052,53.49741152879784,28.415113481362077
1206,10006,497.68838354206827,10830.0,0.9239150507848569,137.89863427433627,97.95258313833241
1207,108,44.62741699796952,115.0,0.9391304347826087,17.44454548816382,8.497109170856405
1208,304,71.01219330881976,312.0,0.9743589743589743,25.188272852765778,15.756786671370776
1209,126,48.87005768508881,135.0,0.9333333333333333,17.449783671655794,9.720346987346469
1210,366,74.18376618407358,372.0,0.9838709677419355,23.147800674001008,21.034419763202383
1211,283,69.94112549695427,298.0,0.9496644295302014,23.890237949008934,15.47730863234624
1212,179,56.35533905932738,190.0,0.9421052631578948,20.57906418106064,11.840434316035717
1213,135,58.76955262170047,161.0,0.8385093167701864,24.86053197035128,7.840210592845593
1214,152,48.62741699796951,152.0,1.0,18.298487533715438,10.712652418775509
1215,251,61.698484809834994,254.0,0.9881889763779528,19.9061121604928,16.559263245963244
1216,121,41.21320343559643,121.0,1.0,13.795479170047534,11.357845226621592
1217,402,78.5269119345812,415.0,0.9686746987951808,24.603475737004143,21.041231796375445
1218,977,140.71067811865476,1062.0,0.9199623352165726,46.1339209845831,29.187471725145098
1219,185,53.11269837220809,186.0,0.9946236559139785,19.75637755961039,12.12857320007907
1220,309,76.56244584051392,326.0,0.9478527607361963,26.698090374007094,15.39200972738885
1221,133,45.62741699796952,136.0,0.9779411764705882,17.048501651263162,10.188730749006664
1222,290,74.80508652763321,312.0,0.9294871794871795,26.694527331526594,14.294233517553371
1223,2462,301.35028842544403,3263.0,0.754520380018388,115.34753170719728,35.187058196658995
1224,305,92.91168824543142,354.0,0.8615819209039548,25.12089541478455,17.91744830578778
1225,5915,335.56349186104046,6407.0,0.9232089901670049,95.52726558382423,84.11097977227075
1226,257,63.11269837220809,257.0,1.0,23.826469989366696,13.828827881124216
1227,344,75.35533905932738,350.0,0.9828571428571429,25.097902902020202,17.857662450940616
1228,223,61.11269837220809,233.0,0.9570815450643777,19.509307065651477,15.800632192866518
1229,100,35.55634918610404,100.0,1.0,12.073431208283285,10.57810280054279
1230,780,128.05382386916236,842.0,0.9263657957244655,43.46741746102057,25.531758013581907
1231,163,49.526911934581186,165.0,0.9878787878787879,17.366202998358965,12.105132387719603
1232,231,57.11269837220809,232.0,0.9956896551724138,19.386074886046284,15.288769994643872
1233,143,48.87005768508881,144.0,0.9930555555555556,20.038410349005883,9.215901624365998
1234,233,59.45584412271571,235.0,0.9914893617021276,20.055043695735694,15.386476690795599
1235,165,49.04163056034262,170.0,0.9705882352941176,17.23371967456755,12.398905755663913
1236,931,126.61017305526642,961.0,0.9687825182101977,42.87875195373734,28.457289222957176
1237,342,79.84062043356596,362.0,0.9447513812154696,25.449823429154492,17.979448232997843
1238,202,61.698484809834994,215.0,0.9395348837209302,22.784028364470064,12.313006844675133
1239,520,94.56854249492382,541.0,0.9611829944547134,28.940471506581765,23.84913869868336
1240,124,41.55634918610404,124.0,1.0,15.583110922077521,10.149104545964699
1241,223,62.526911934581186,229.0,0.9737991266375546,23.607228418412337,12.551119269269646
1242,1133,148.71067811865476,1212.0,0.9348184818481848,44.81252292426163,34.01676957781154
1243,468,92.1543289325507,499.0,0.9378757515030061,32.22038787231726,19.25424622181187
1244,183,55.49137802864845,196.0,0.9336734693877551,19.519412372203472,12.482722621630662
1245,127,43.798989873223334,127.0,1.0,14.92184945069079,11.406498258032842
1246,5,5.207106781186548,5.0,1.0,3.0983866769659336,1.7888543819998317
1247,199,54.798989873223334,200.0,0.995,19.975185435597243,12.88346847514445
1248,113,43.00609665440987,117.0,0.9658119658119658,14.189240710724603,10.649541145908147
1249,857,127.84062043356593,892.0,0.9607623318385651,50.619831234503195,22.349287705713355
1250,5768,397.40411229460636,6618.0,0.8715624055605923,122.67737091375409,67.59744212772107
1251,1252,176.29646455628165,1371.0,0.913202042304887,72.85919819125613,23.245430011908056
1252,752,117.05382386916236,762.0,0.9868766404199475,44.85705280451482,21.712581633666378
1254,2,0.0,NaN,NaN,2.0,0.0
1255,5475,365.01933598375615,5938.0,0.922027618726844,126.24894612604298,57.8350110830981
1256,132,45.041630560342625,134.0,0.9850746268656716,16.714129473225295,10.389903223406229
1257,1219,167.6812408671319,1345.0,0.9063197026022305,58.448630713013024,27.513914242892763
1258,434,78.5269119345812,436.0,0.9954128440366973,26.4252737530362,21.16588124452015
1259,185,51.55634918610404,186.0,0.9946236559139785,16.7723944837904,14.678954546622093
1260,171,52.112698372208094,177.0,0.9661016949152542,16.448140259339834,13.639549904248812
1261,132,46.04163056034261,133.0,0.9924812030075187,16.602499628511815,10.388892653523786
1263,816,135.53910524340094,889.0,0.9178852643419573,55.24526564447308,19.662482280109593
1264,3038,284.96551211459376,3480.0,0.8729885057471264,97.85924161790648,42.252328557435725
1265,153,46.284271247461895,153.0,1.0,16.15826717291016,12.13239789994337
1266,283,64.2842712474619,285.0,0.9929824561403509,23.066269545855178,15.87697903311273
1267,1173,146.95331880577405,1260.0,0.930952380952381,42.13584431595205,37.20879769186839
1268,197,59.45584412271571,211.0,0.933649289099526,20.472175189283778,13.074732795554652
1269,236,67.21320343559643,237.0,0.9957805907172996,28.902481297406993,10.529431359408418
1270,202,60.2842712474619,211.0,0.957345971563981,23.62086718025214,11.454805076754761
1271,252,61.698484809834994,258.0,0.9767441860465116,21.440864406007606,15.47812250662039
1272,152,47.8700576850888,157.0,0.9681528662420382,16.540571138297175,12.125907090293115
1273,253,65.4558441227157,259.0,0.9768339768339769,24.511160755598866,13.806545740993997
1274,156,48.04163056034262,157.0,0.9936305732484076,17.651060988142778,11.524901147215427
1275,317,67.35533905932738,320.0,0.990625,22.529327839844168,18.271777197103145
1276,218,58.284271247461895,218.0,1.0,22.95798765413263,12.30590532470722
1277,221,59.69848480983499,223.0,0.9910313901345291,20.713722075494818,14.491158057330951
1278,238,58.52691193458118,238.0,1.0,19.575434901745663,15.783047454468146
1279,396,102.08326112068522,518.0,0.7644787644787645,37.62320490159296,17.51039784149642
1280,101,38.384776310850235,103.0,0.9805825242718447,13.992425017091346,9.320902940826208
1281,189,51.21320343559642,189.0,1.0,17.77123408516053,13.626923763114833
1282,342,77.42640687119285,349.0,0.9799426934097422,26.622446447530987,17.417742734360125
1283,430,91.98275605729691,476.0,0.9033613445378151,31.232856165829126,19.13589581379591
1284,275,64.14213562373095,279.0,0.985663082437276,22.62978402274693,15.89790679218758
1285,696,106.98275605729688,711.0,0.9789029535864979,37.5712863034811,23.892770689366014
1286,484,89.25483399593904,511.0,0.9471624266144814,29.206531398975944,22.493855553070674
1287,299,66.76955262170047,303.0,0.9867986798679867,22.895908396232773,17.01127013279317
1288,329,88.5685424949238,345.0,0.9536231884057971,38.17003365506333,11.221444871479244
1289,234,60.284271247461895,246.0,0.9512195121951219,21.07153456653528,14.691641443388944
1290,720,112.8111831820431,760.0,0.9473684210526315,38.627470680697826,25.5197059451687
1291,1444,171.33809511662426,1518.0,0.9512516469038208,57.504584510250595,33.55611959783597
1292,362,77.84062043356595,368.0,0.9836956521739131,30.046945244051724,15.610394738435472
1293,424,87.49747468305833,436.0,0.9724770642201835,34.36985535670747,15.999153781356414
1294,273,63.112698372208094,275.0,0.9927272727272727,21.391684335204015,16.43794908643597
1295,240,61.112698372208094,246.0,0.975609756097561,19.14263766496692,17.043122787180206
1296,1226,166.8528137423857,1314.0,0.9330289193302892,63.51915895262494,25.751095000632198
1297,263,68.8700576850888,265.0,0.9924528301886792,28.516961149039233,11.886296617042522
1298,169,48.284271247461895,171.0,0.9883040935672515,15.793150224970812,13.89498889509483
1299,350,82.76955262170047,381.0,0.9186351706036745,26.732529073208113,17.969329072318377
1300,246,67.698484809835,262.0,0.9389312977099237,22.305504598421187,15.658546895879715
1301,113,38.62741699796952,113.0,1.0,13.104711604715519,11.045266608137501
1302,316,75.59797974644665,324.0,0.9753086419753086,29.91846906099584,13.668117333652452
1303,192,54.284271247461895,194.0,0.9896907216494846,20.186988416468104,12.40690312693544
1304,160,45.21320343559642,160.0,1.0,16.100092963106437,12.664152422461232
1305,230,61.11269837220809,235.0,0.9787234042553191,22.297882256299477,13.565576388905184
1306,387,82.42640687119285,403.0,0.9602977667493796,27.98563740628318,18.167161154990524
1307,915,123.05382386916237,940.0,0.973404255319149,40.91310810196328,29.565143097332218
1308,4152,249.03657992645927,4223.0,0.9831873076012313,78.77307926850995,67.35029131961366
1309,5238,408.0904037956216,6444.0,0.8128491620111732,137.88310359444466,54.65443322411889
1310,590,106.81118318204308,614.0,0.9609120521172638,39.526703943193986,19.73798515643777
1311,780,141.3319984622144,878.0,0.8883826879271071,46.78417579847047,22.91754997155464
1312,293,76.76955262170047,324.0,0.904320987654321,27.35032094874184,15.340047188739344
1313,132,44.62741699796952,134.0,0.9850746268656716,16.08630910052447,10.73031921386659
1314,185,58.31980515339463,201.0,0.9203980099502488,21.067463574488766,11.939065788620587
1315,233,62.698484809834994,238.0,0.9789915966386554,19.005718157499395,15.95980369632779
1316,153,47.45584412271571,155.0,0.9870967741935484,16.994506740573257,11.580257828948529
1317,3658,269.7645019878171,3872.0,0.9447314049586777,92.76088424181312,51.77763564760436
1318,2885,274.9360748630709,3334.0,0.8653269346130774,94.43539166081467,42.010190272135546
1319,736,114.32590180780451,760.0,0.968421052631579,37.108259016810564,26.984735590631736
1320,215,63.941125496954285,229.0,0.9388646288209607,20.2149654799649,14.59714276183261
1321,415,90.66904755831214,452.0,0.918141592920354,34.08399655212646,17.320237887942856
1322,249,66.76955262170047,261.0,0.9540229885057471,23.096168047641086,14.50274032586221
1323,100,38.627416997969526,101.0,0.9900990099009901,15.103699192344246,8.648136834438949
1324,504,100.32590180780453,537.0,0.9385474860335196,40.35378095612854,16.697533450056998
1325,134,44.38477631085023,134.0,1.0,17.22737724979748,9.930828225019296
1326,963,127.25483399593905,980.0,0.9826530612244898,46.54097387621085,27.394045051073523
1327,1799,181.09545442950497,1850.0,0.9724324324324324,66.64292153457473,34.721928176497464
1328,412,82.18376618407356,417.0,0.988009592326139,31.484353631262067,16.787431587473208
1329,378,83.59797974644667,387.0,0.9767441860465116,32.77497624687031,14.882486310201557
1330,139,48.970562748477136,141.0,0.9858156028368794,20.32782066186814,9.005064225217106
1331,100,37.21320343559643,100.0,1.0,12.848036920850603,10.000157362784835
1332,708,107.49747468305831,712.0,0.9943820224719101,40.69188297162181,22.503772094992993
1333,120,42.62741699796952,121.0,0.9917355371900827,14.780967941784336,10.616846572706422
1334,571,107.74011537017762,605.0,0.943801652892562,38.36664647926922,19.66451885289121
1335,100,36.384776310850235,100.0,1.0,13.367127557343217,9.533095030771253
1336,288,69.94112549695427,290.0,0.993103448275862,27.84858554250587,13.351531075017766
1337,644,97.01219330881976,656.0,0.9817073170731707,31.1778952864318,26.7252160898289
1338,523,97.42640687119285,530.0,0.9867924528301887,39.137716066362536,17.219944613994645
1339,117,41.21320343559643,120.0,0.975,14.71008597073119,10.447099946294426
1340,474,90.18986283848345,487.0,0.973305954825462,29.591080676352618,21.487564991339084
1341,165,51.35533905932737,170.0,0.9705882352941176,17.16046079382945,12.71813739384046
1342,274,68.11269837220809,278.0,0.9856115107913669,27.14245383600077,13.00155003383565
1343,483,92.66904755831214,491.0,0.9837067209775967,36.902779979410205,17.063966256040835
1344,219,59.94112549695427,228.0,0.9605263157894737,19.07409074996091,15.289078670672883
1345,133,43.79898987322333,134.0,0.9925373134328358,16.52631790433693,10.395477855019172
1346,251,60.04163056034261,253.0,0.9920948616600791,18.981808696498284,17.266669739591503
1347,136,45.21320343559643,140.0,0.9714285714285714,14.413152653962177,12.561122235662618
1348,104,36.97056274847714,104.0,1.0,13.179040220319742,10.080337034503502
1349,10525,490.1320343559642,11501.0,0.9151378141031214,148.55099089497045,94.31822606211333
1350,127,43.21320343559642,128.0,0.9921875,14.812993883189183,11.262566703775525
1351,305,82.70458146424488,331.0,0.9214501510574018,33.254203637633665,12.043409082097837
1352,116,39.21320343559643,116.0,1.0,13.152573092864344,11.438054197251505
1353,107,41.21320343559643,107.0,1.0,16.32755783290578,8.484977097602602
1354,315,91.39696961966999,324.0,0.9722222222222222,41.73281543072886,9.754264261151087
1355,142,47.21320343559643,150.0,0.9466666666666667,15.519901682423486,11.944855254982915
1356,110,41.21320343559643,113.0,0.9734513274336283,14.54068074865853,10.1614735897089
1357,643,108.42640687119285,666.0,0.9654654654654654,41.18064465863172,20.786489666907055
1358,200,53.45584412271571,201.0,0.9950248756218906,17.877233719814893,14.543194784060116
1359,242,65.94112549695427,253.0,0.9565217391304348,19.853006962791575,16.750124557565087
1360,170,52.2842712474619,177.0,0.96045197740113,19.145422719309018,11.958616067151196
1361,146,44.384776310850235,146.0,1.0,15.971456130380558,11.736290374837894
1362,179,49.21320343559643,180.0,0.9944444444444445,17.676198140675112,13.014479683921753
1363,150,45.213203435596434,152.0,0.9868421052631579,16.37618736188096,11.759744835653601
1364,112,38.384776310850235,112.0,1.0,13.164620192383039,10.938728691871948
1365,281,69.01219330881976,287.0,0.9790940766550522,24.13580029471533,15.536766348624784
1366,170,48.8700576850888,172.0,0.9883720930232558,15.61157883580347,14.201987921582429
1367,1154,155.5685424949238,1234.0,0.9351701782820098,44.89693778964903,35.353407983776556
1368,297,75.01219330881976,313.0,0.9488817891373802,24.70971285240246,15.859739202996371
1369,328,75.94112549695429,343.0,0.956268221574344,28.06760346517548,15.821095030884546
1370,454,83.49747468305833,465.0,0.9763440860215054,28.581701357234664,20.726070479214208
1371,215,54.8700576850888,215.0,1.0,19.474164075640886,14.22102683310148
1372,258,69.01219330881976,274.0,0.9416058394160584,20.883452237935547,16.482273200107414
1373,370,82.52691193458118,384.0,0.9635416666666666,29.754994101054596,16.81378713456952
1374,110,38.97056274847714,110.0,1.0,13.426099441457144,10.532861724249187
1375,1962,233.23759005323592,2252.0,0.8712255772646537,64.80674892967679,47.58375875466015
1376,650,109.29646455628165,666.0,0.975975975975976,43.182629536326615,19.696353185642746
1377,162,58.2842712474619,177.0,0.9152542372881356,23.17087233927159,9.576787103712405
1378,383,72.76955262170047,383.0,1.0,23.815494743737958,20.603413772344698
1379,244,57.698484809834994,244.0,1.0,19.713768012198866,15.871357953053993
1380,570,99.49747468305833,594.0,0.9595959595959596,35.073202098813596,21.485467160176547
1381,1742,196.16652224137044,1881.0,0.9261031366294524,72.7329720374869,32.122271839524515
1382,226,63.941125496954285,239.0,0.9456066945606695,21.21619553785603,14.928489934367406
1383,304,72.42640687119285,313.0,0.9712460063897763,24.568883494732972,16.3967849054313
1384,1308,216.69343417595164,1753.0,0.7461494580718768,59.42069170274548,39.38621468928608
1385,448,92.08326112068522,487.0,0.919917864476386,27.75170218983794,23.109457533222383
1386,102,42.62741699796952,108.0,0.9444444444444444,17.13597677008389,8.099390730203398
1387,172,75.01219330881975,232.0,0.7413793103448276,27.060387574236348,11.512327899555803
1388,450,82.08326112068522,454.0,0.9911894273127754,28.10751364942798,20.67460474556871
1389,1552,173.78174593052023,1654.0,0.9383313180169287,58.95195960018628,34.882266192763225
1390,568,123.77564927611034,647.0,0.8778979907264297,49.59066758928002,16.860415860324323
1391,1688,228.79393923934,2082.0,0.8107588856868396,85.27805349218836,29.988703332462663
1392,367,73.35533905932738,374.0,0.9812834224598931,22.434984666002933,21.34063540841151
1393,402,80.18376618407355,414.0,0.9710144927536232,27.089459961484497,19.929710513912177
1394,187,57.69848480983499,194.0,0.9639175257731959,22.814804850911653,10.732240309186217
1395,104,43.21320343559643,107.0,0.9719626168224299,17.041151770044024,8.123221055395605
1396,141,46.04163056034261,141.0,1.0,17.150220938982855,10.59478551535561
1397,484,104.8111831820431,551.0,0.8784029038112523,29.699019243882717,22.167982647054238
1398,1060,133.63961030678928,1103.0,0.9610154125113327,47.718457695612656,28.701818856817848
1399,548,105.98275605729691,597.0,0.9179229480737019,33.76826017420514,22.074965548814795
1400,772,115.05382386916239,802.0,0.9625935162094763,33.72838009381682,31.850478306774328
1401,110,48.87005768508881,122.0,0.9016393442622951,18.38442167631715,8.479697579060153
1402,182,55.11269837220809,188.0,0.9680851063829787,17.856129855196016,13.533958982746096
1403,107,37.79898987322333,107.0,1.0,14.056479932067036,9.705946489092128
1404,179,49.87005768508881,184.0,0.9728260869565217,16.37602897218568,14.171195170874027
1405,1768,187.33809511662426,1876.0,0.9424307036247335,65.79554232509913,35.235687547637085
1406,396,85.01219330881976,401.0,0.9875311720698254,33.18844546679797,15.374885423366056
1407,227,58.76955262170047,238.0,0.9537815126050421,17.76355778183204,16.78248167443276
1408,1465,175.58073580374355,1567.0,0.9349074664964901,54.71841104982955,35.51866551939509
1409,202,61.11269837220809,210.0,0.9619047619047619,25.665313507139928,10.412511486260538
1410,184,52.87005768508881,188.0,0.9787234042553191,18.878507874216503,12.935288736493426
1411,563,116.22539674441619,619.0,0.9095315024232633,41.032461778510275,18.561978114575023
1412,350,90.49747468305831,362.0,0.9668508287292817,39.78873001769326,11.714492694492524
1413,113,40.798989873223334,117.0,0.9658119658119658,14.526607952299086,10.253211146859403
1414,519,92.42640687119285,532.0,0.9755639097744361,32.9845194281841,20.314439090587097
1415,519,99.59797974644665,524.0,0.9904580152671756,40.859460882917446,16.32882611259235
1416,199,69.84062043356595,217.0,0.9170506912442397,29.5850840686858,9.104134845962827
1417,1291,164.12489168102786,1394.0,0.9261119081779053,61.418302898723745,28.381755543757425
1418,301,72.2842712474619,315.0,0.9555555555555556,28.44675627609718,13.84165801332118
1419,151,54.87005768508881,161.0,0.937888198757764,22.702780957627933,9.366911817461391
1420,287,66.5269119345812,292.0,0.9828767123287672,24.346884228812403,15.183957521418698
1421,830,134.12489168102783,855.0,0.9707602339181286,57.85928293322485,18.716922239879313
1422,918,132.5685424949238,948.0,0.9683544303797469,51.697589642408246,23.151308964465812
1423,5626,419.8183258569794,6532.0,0.8612982241273729,104.56411199031099,72.72089334520311
1424,209,59.11269837220809,216.0,0.9675925925925926,21.0028228477612,13.314946022850464
1425,606,99.25483399593904,636.0,0.9528301886792453,29.202472096024074,27.255142744098187
1426,184,67.35533905932738,197.0,0.934010152284264,28.00301729567053,8.884297315179289
1427,661,115.1543289325507,724.0,0.9129834254143646,37.809457115925305,23.413160112673705
1428,498,112.8111831820431,560.0,0.8892857142857142,35.519580366402494,20.150523795589827
1429,176,50.04163056034262,177.0,0.9943502824858758,17.191718018424552,13.095410249072216
1430,127,40.384776310850235,127.0,1.0,14.571369615079663,11.156157990548557
1431,6894,393.9482681718907,7282.0,0.9467179346333425,118.55785279958062,77.1511736464957
1432,217,62.562445840513924,234.0,0.9273504273504274,21.88355797604331,13.240239739877085
1433,1666,197.16652224137047,1767.0,0.9428409734012451,72.42616623729651,30.01774044239311
1434,111,43.45584412271571,113.0,0.9823008849557522,16.64126431762312,8.789491304685187
1435,235,58.870057685088796,235.0,1.0,19.3607041213419,15.975654963052763
1436,349,79.698484809835,366.0,0.953551912568306,29.803534544287718,15.615902836027677
1437,138,46.8700576850888,139.0,0.9928057553956835,18.19838410854263,9.8279078109027
1438,455,106.22539674441619,520.0,0.875,35.799740074044074,19.172811610818147
1439,298,67.11269837220809,303.0,0.9834983498349835,22.172885967642085,17.836590160389225
1440,101,38.38477631085023,103.0,0.9805825242718447,13.412421213131752,9.87282662957104
1441,812,107.59797974644667,817.0,0.9938800489596084,35.51297027779042,29.362184513704438
1442,222,57.62741699796952,225.0,0.9866666666666667,17.638109154765573,16.34171963657287
1443,281,69.59797974644667,287.0,0.9790940766550522,27.847073906260192,13.063682466640577
1444,615,98.91168824543144,651.0,0.9447004608294931,31.480408741209445,25.97474708918224
1445,2859,334.3624817342637,3789.0,0.7545526524148852,91.93025275282949,49.640793245577015
1446,311,74.76955262170046,322.0,0.9658385093167702,28.155856745579616,14.284421712425486
1447,424,79.01219330881976,430.0,0.986046511627907,27.435718239751196,20.22730481846263
1448,588,96.22539674441617,602.0,0.9767441860465116,32.988225217769354,23.19699076942964
1449,144,45.798989873223334,146.0,0.9863013698630136,16.157270635281833,11.527597618447095
1450,4764,411.78888860545663,5347.0,0.8909668973256032,115.69749210349954,56.33478034916647
1451,151,49.45584412271571,153.0,0.9869281045751634,19.650509756444823,9.973387001733242
1452,1027,136.05382386916236,1092.0,0.9404761904761905,41.69221937861377,32.59736011666184
1453,298,71.698484809835,322.0,0.9254658385093167,25.755359258056046,15.341538034005515
1454,100,37.798989873223334,102.0,0.9803921568627451,14.18879724628661,9.153252575110637
1455,174,57.90559159102154,190.0,0.9157894736842105,20.14014596128797,11.648532119957407
1456,104,37.798989873223334,104.0,1.0,13.368758700924062,9.986882859932104
1457,256,70.84062043356595,266.0,0.9624060150375939,30.01106978939522,11.230255966825712
1458,492,100.66904755831213,538.0,0.9144981412639405,30.883110212629994,22.690558316250133
1459,384,78.76955262170047,389.0,0.987146529562982,29.08839897843126,16.998516752391115
1460,615,98.66904755831214,620.0,0.9919354838709677,34.88716745540192,22.95963091969944
1461,109,41.00609665440987,114.0,0.956140350877193,14.830101943722859,9.614734990824612
1462,103,38.384776310850235,103.0,1.0,14.655997388474912,8.98652265098312
1463,142,46.62741699796952,142.0,1.0,16.79580528442327,11.019689526567559
1464,169,50.662950903902264,174.0,0.9712643678160919,17.303621769146552,12.805913365772899
1465,2610,250.0071426749364,2919.0,0.894141829393628,68.66355907102707,52.555400419072136
1466,316,75.01219330881975,326.0,0.9693251533742331,30.72952220413793,13.31761461195409
1467,425,85.01219330881976,438.0,0.9703196347031964,31.094009173164164,17.765383619018166
1468,3825,265.5218613006978,3959.0,0.9661530689568073,95.16591398788572,52.48854857496364
1469,128,43.21320343559643,132.0,0.9696969696969697,14.819618345427989,11.354162145810417
1470,465,92.0477272147525,489.0,0.950920245398773,33.882928815255255,18.26800256954864
1471,307,77.35533905932738,332.0,0.9246987951807228,21.044791695589833,19.329825638234034
1472,2243,220.30256121069152,2464.0,0.9103084415584416,68.36796354638832,44.94957272048417
1473,634,109.22539674441619,682.0,0.9296187683284457,30.01386285893944,28.32723836491946
1474,287,82.59797974644665,335.0,0.8567164179104477,26.554219068489576,15.505691249059057
1475,749,117.15432893255071,808.0,0.926980198019802,40.461683546914585,25.337800284954763
1476,320,83.01219330881976,345.0,0.927536231884058,34.41989710122071,12.546957889918097
1477,110,38.970562748477136,110.0,1.0,13.979147741160247,10.147293267774383
1478,1014,153.63961030678925,1078.0,0.9406307977736549,62.79676510067385,21.420363257476957
1479,172,53.112698372208094,175.0,0.9828571428571429,18.90139661260278,11.833167264975476
1480,609,107.9827560572969,668.0,0.9116766467065869,33.23254705440651,24.981616494673858
1481,218,63.698484809834994,227.0,0.960352422907489,25.522170320361784,11.263545374723492
1482,108,39.21320343559643,108.0,1.0,14.284914551817092,9.753417089240802
1483,161,47.627416997969526,162.0,0.9938271604938271,16.22695461073752,12.945667511513447
1484,206,55.4558441227157,208.0,0.9903846153846154,20.610248776700136,12.86228600694486
1485,1022,163.88834764831844,1200.0,0.8516666666666667,45.82550988644146,30.770566033273777
1486,930,133.43250352560273,980.0,0.9489795918367347,47.28804151538571,25.61553828939764
1487,114,40.62741699796952,114.0,1.0,15.609799274796138,9.419691941419412
1488,301,66.04163056034261,306.0,0.9836601307189542,20.408044872585148,19.185912739882912
1489,173,50.284271247461895,173.0,1.0,18.148459663809362,12.258112874351966
1490,178,49.45584412271571,178.0,1.0,17.17854631894436,13.39679024006389
1491,3659,274.3858223313768,4053.0,0.9027880582284727,77.03816658148898,64.14623366806772
1492,200,54.2842712474619,202.0,0.9900990099009901,18.59914656771622,14.013498740593295
1493,330,73.11269837220809,336.0,0.9821428571428571,25.55783651840596,16.76258911338036
1494,5854,438.2325394193526,6817.0,0.858735514155787,116.7022313107478,69.09897430785648
1495,214,61.94112549695428,217.0,0.9861751152073732,23.513564482050846,12.235056839167179
1496,148,45.45584412271571,149.0,0.9932885906040269,15.02817898162393,12.700477153037612
1497,239,61.35533905932737,245.0,0.9755102040816327,21.417258839023667,14.455930572203968
1498,128,46.970562748477136,129.0,0.9922480620155039,19.935140979588166,8.213122944346113
1499,135,48.04163056034262,141.0,0.9574468085106383,18.45703436561589,9.881050874127276
1500,354,72.76955262170048,358.0,0.9888268156424581,26.018245503122547,17.5386393722789
1501,312,77.59797974644667,329.0,0.9483282674772037,31.19266028561691,13.24278408177096
1502,3655,342.87720036002526,4223.0,0.8654984608098508,121.52837694959362,41.39108083153816
1503,337,74.18376618407358,356.0,0.9466292134831461,23.978785889565696,18.607424817752506
1504,133,49.698484809834994,140.0,0.95,15.053470480982888,12.405197615750874
1505,100,35.55634918610404,100.0,1.0,12.073431208283285,10.57810280054279
1506,112,40.384776310850235,112.0,1.0,14.995866670290363,9.684645071132628
1507,110,43.45584412271572,116.0,0.9482758620689655,14.584902513163371,10.159714180784805
1508,111,38.384776310850235,111.0,1.0,13.160524393322698,10.794199566052582
1509,113,38.97056274847714,113.0,1.0,14.622351901903345,9.831900490569708
1510,651,112.46803743153548,684.0,0.9517543859649122,43.215037234839315,20.6441758568108
1511,448,81.84062043356595,458.0,0.9781659388646288,26.993895581855917,22.03561573639788
1512,216,56.870057685088796,218.0,0.9908256880733946,20.31561383655823,13.983079786474066
1513,101,36.970562748477136,101.0,1.0,12.400316904166859,10.501950220754148
1514,831,129.29646455628165,862.0,0.9640371229698376,51.71168932477844,20.974458524071764
1515,992,150.12489168102786,1063.0,0.9332079021636877,61.76468765443266,21.385478590349653
1516,1129,137.39696961967,1170.0,0.964957264957265,44.68368572901991,32.9117822063354
1517,276,73.59797974644667,293.0,0.9419795221843004,26.42853530445507,13.681492071220243
1518,119,41.21320343559643,120.0,0.9916666666666667,14.230407303189892,10.756558192142991
1519,460,88.42640687119287,491.0,0.9368635437881874,26.963228990720257,23.252832637835922
1520,122,41.21320343559643,122.0,1.0,14.098104078000452,11.28348782625256
1521,1879,192.85281374238568,2083.0,0.9020643302928468,55.99857607392948,46.95185369846988
1522,1066,144.95331880577402,1157.0,0.9213483146067416,49.63835537256627,28.434461139353033
1523,157,48.04163056034261,158.0,0.9936708860759493,17.74639660862196,11.60899140218394
1524,159,49.21320343559642,160.0,0.99375,19.195268014088327,10.754145706280253
1525,250,71.01219330881976,272.0,0.9191176470588235,25.63058496004809,13.418586311745235
1526,308,72.2842712474619,313.0,0.9840255591054313,29.128666428637427,13.671795503574723
1527,275,67.11269837220809,284.0,0.9683098591549296,23.415431069035936,15.509580971155007
1528,404,77.35533905932738,410.0,0.9853658536585366,24.001943411853755,21.677695800535766
1529,202,53.4558441227157,203.0,0.9950738916256158,18.64321932493266,14.113791884692162
1530,297,69.52691193458118,311.0,0.954983922829582,23.664070377353834,16.48899568359286
1531,924,123.53910524340094,959.0,0.9635036496350365,37.66440995963097,32.11518168941234
1532,116,41.798989873223334,118.0,0.9830508474576272,14.74031954117225,10.171070982797058
1533,425,82.76955262170047,432.0,0.9837962962962963,29.741243955858263,19.20278799501921
1534,274,69.84062043356595,285.0,0.9614035087719298,23.0526217996289,15.777305540915835
1535,186,57.11269837220809,195.0,0.9538461538461539,19.747407221676337,12.735555611986207
1536,226,63.526911934581186,238.0,0.9495798319327731,22.78321837312788,13.354058015762877
1537,155,46.62741699796952,156.0,0.9935897435897436,15.978804909575857,12.571523562873814
1538,320,80.35533905932736,352.0,0.9090909090909091,26.91110345110665,15.892716839604098
1539,108,46.62741699796952,122.0,0.8852459016393442,17.158288469320212,8.8428124254093
1540,101,37.79898987322333,103.0,0.9805825242718447,12.593667114215817,10.469859529913805
1541,402,79.84062043356596,407.0,0.9877149877149877,29.90353909211875,17.48433910759531
1542,411,79.25483399593904,416.0,0.9879807692307693,27.188263297770693,19.949658139022727
1543,202,57.11269837220809,210.0,0.9619047619047619,18.524510147703317,14.518074639627942
1544,605,114.56854249492379,693.0,0.873015873015873,35.02271418348023,25.793291831194704
1545,136,43.213203435596434,136.0,1.0,16.2991099586362,10.661953378738987
1546,278,65.94112549695427,286.0,0.972027972027972,21.818363936058063,16.94076385875995
1547,110,38.970562748477136,111.0,0.990990990990991,13.164490806408466,10.843864852924117
1548,604,109.9827560572969,654.0,0.9235474006116208,37.3522265717966,21.983090824214436
1549,143,46.52691193458118,143.0,1.0,18.62069127661267,9.862954746583645
1550,132,42.62741699796952,133.0,0.9924812030075187,14.76267604115585,11.53451475489854
1551,733,119.15432893255071,798.0,0.918546365914787,38.98765225110174,24.926198444369714
1552,107,39.798989873223334,108.0,0.9907407407407407,14.665906125924307,9.393710345982964
1553,846,169.1959594928933,1062.0,0.7966101694915254,39.95362779780962,34.107449124919356
1554,192,52.526911934581186,195.0,0.9846153846153847,16.45366922563064,15.055520452540609
1555,125,48.284271247461895,136.0,0.9191176470588235,17.800099443905143,9.713804393083487
1556,102,38.97056274847714,103.0,0.9902912621359223,14.812533015466222,8.894348468417547
1557,113,38.384776310850235,113.0,1.0,12.893374701510494,11.223125902765805
1558,118,40.62741699796952,118.0,1.0,12.571153419837207,12.011294120147003
1559,138,45.45584412271571,138.0,1.0,17.50828402752416,10.12311334145143
1560,217,66.31980515339464,237.0,0.9156118143459916,22.529307787718214,13.158587314211124
1561,762,115.9827560572969,800.0,0.9525,35.10248736671206,28.42535007379664
1562,808,112.32590180780451,828.0,0.9758454106280193,36.31310026972849,28.791588233988143
1563,129,45.45584412271572,131.0,0.9847328244274809,17.44267017173715,9.606218172738775
1564,162,45.798989873223334,162.0,1.0,15.64270393261541,13.219481010194798
1565,865,133.0538238691624,937.0,0.9231590181430096,45.426515950107515,26.200620935480018
1566,2161,268.5929291125633,2505.0,0.8626746506986028,59.61579752510151,54.39098856754405
1567,317,79.42640687119285,348.0,0.9109195402298851,30.24499800307122,14.341576644486286
1568,425,83.35533905932738,431.0,0.9860788863109049,31.404934190433238,17.76702763898099
1569,310,76.5269119345812,334.0,0.9281437125748503,24.083668612891113,18.826086325408905
1570,214,53.21320343559642,214.0,1.0,18.414044448500817,14.877433418849895
1571,111,42.04163056034261,113.0,0.9823008849557522,14.089953399726419,10.484069331330394
1572,120,50.526911934581186,137.0,0.8759124087591241,18.37617909208816,9.634396583650547
1573,1930,218.03657992645927,2165.0,0.8914549653579676,62.44078461356413,41.77927632674457
1574,417,84.18376618407358,436.0,0.9564220183486238,29.829782991025994,18.17105258749812
1575,1973,216.4802307403552,2192.0,0.9000912408759124,68.14075617058569,39.19444187462597
1576,132,47.698484809834994,137.0,0.9635036496350365,16.01525366052417,10.816279734996128
1577,146,48.04163056034261,148.0,0.9864864864864865,18.23883592890125,10.463465109111908
1578,116,41.21320343559642,118.0,0.9830508474576272,12.809520019689955,11.844991795458723
1579,106,40.970562748477136,107.0,0.9906542056074766,16.366101937492772,8.434602504229064
1580,257,65.11269837220809,266.0,0.9661654135338346,25.06988878457139,13.668289936226458
1581,996,130.9116882454314,1068.0,0.9325842696629213,43.832129872773216,30.85829964697294
1582,115,40.04163056034261,115.0,1.0,14.580497431461518,10.14426477787613
1583,125,43.45584412271571,129.0,0.9689922480620154,14.272027198333749,11.354150239010483
1584,1969,180.74621202458746,2027.0,0.9713862851504687,56.49509019852632,46.004178804997636
1585,316,72.42640687119285,322.0,0.9813664596273292,28.019029732683517,14.619732165017933
1586,263,63.94112549695428,265.0,0.9924528301886792,23.751528289267664,14.513974658489431
1587,109,44.21320343559642,120.0,0.9083333333333333,13.077101061011419,11.438830676657231
1588,250,69.11269837220809,271.0,0.922509225092251,22.51886187292559,15.009364408531708
1589,155,59.11269837220809,162.0,0.9567901234567902,25.27807979029038,8.248446611439617
1590,143,46.04163056034261,146.0,0.9794520547945206,15.364110696243937,12.38784484098762
1591,736,122.60407640085654,815.0,0.9030674846625767,38.102849772040734,25.8735762815853
1592,366,76.76955262170046,375.0,0.976,26.079688146430957,18.30533574210874
1593,166,50.62741699796951,166.0,1.0,19.623831068568258,10.922750273052435
1594,184,52.284271247461895,185.0,0.9945945945945946,20.075290465817893,11.9348701212598
1595,252,59.45584412271571,258.0,0.9767441860465116,21.03485445557834,15.388960602103198
1596,104,40.04163056034262,105.0,0.9904761904761905,15.350647748793156,8.67303401457157
1597,212,58.8700576850888,223.0,0.9506726457399103,18.244744827363633,15.67646553580385
1598,111,46.2842712474619,120.0,0.925,19.408010622264538,7.975279011631481
1599,205,53.79898987322333,206.0,0.9951456310679612,20.541883266263284,12.773442588569973
1600,318,76.42640687119285,334.0,0.9520958083832335,26.05526149515517,16.79571655959699
1601,374,89.49747468305833,419.0,0.8926014319809069,29.99327004555631,17.880173794179907
1602,103,36.14213562373095,103.0,1.0,12.464861919429485,10.526645688684999
1603,173,50.62741699796952,175.0,0.9885714285714285,17.554276930797133,12.939328863167473
1604,146,43.79898987322333,146.0,1.0,14.859949734165234,12.538043534360613
1605,642,98.84062043356596,653.0,0.9831546707503829,34.57640740896368,24.065375308728083
1606,121,39.79898987322333,121.0,1.0,13.724588201690697,11.27979581272976
1607,100,36.970562748477136,100.0,1.0,11.93711144974463,10.904960808566694
1608,103,40.17766952966369,112.0,0.9196428571428571,12.843971967819797,10.800317697319068
1609,161,49.21320343559643,166.0,0.9698795180722891,17.45869631519789,12.01835215200338
1610,147,45.21320343559643,147.0,1.0,16.316771562518262,11.605378231647588
1611,225,61.35533905932738,233.0,0.9656652360515021,23.0549845322978,12.832360879681227
1612,145,44.627416997969526,145.0,1.0,17.15744526201295,10.792977999719657
1613,176,51.698484809834994,180.0,0.9777777777777777,15.832609488642582,14.644970843092208
1614,483,88.76955262170047,499.0,0.9679358717434869,28.051514675117424,22.324249807572823
1615,253,66.2842712474619,260.0,0.9730769230769231,25.275660976261634,13.07633653249218
1616,202,66.5269119345812,232.0,0.8706896551724138,23.57913730868093,13.311290093704125
1617,2226,215.44469683442253,2390.0,0.9313807531380753,65.39470430983478,44.89567837631873
1618,145,46.8700576850888,146.0,0.9931506849315068,17.384446576035334,10.805745350685251
1619,1158,145.43860018001263,1216.0,0.9523026315789473,51.5983295417611,29.137071079998123
1620,593,95.7401153701776,616.0,0.9626623376623377,30.58918231724792,25.535468915469295
1621,263,63.941125496954285,267.0,0.9850187265917603,24.181661014839765,14.066471169041627
1622,284,70.2842712474619,288.0,0.9861111111111112,27.818194706329162,13.254376393789295
1623,465,87.01219330881975,477.0,0.9748427672955975,30.480802850747146,19.77507691945521
1624,152,45.45584412271571,153.0,0.9934640522875817,15.006170791071323,13.046890353049214
1625,374,75.76955262170047,383.0,0.9765013054830287,27.1597656445994,17.70797523113055
1626,116,44.14213562373095,116.0,1.0,18.864110676100726,7.882778319600913
1627,538,99.5685424949238,574.0,0.9372822299651568,34.767466238673876,20.722746344046115
1628,100,36.970562748477136,101.0,0.9900990099009901,12.852618863690234,10.004828251635006
1629,559,104.56854249492379,615.0,0.9089430894308943,28.933318511796838,27.26045056588925
1630,134,44.627416997969526,135.0,0.9925925925925926,15.80789313942021,11.126864165666557
1631,210,59.8700576850888,216.0,0.9722222222222222,23.78790655493331,11.379338027025431
1632,602,102.66904755831213,630.0,0.9555555555555556,29.87432006509873,27.181397383975252
1633,140,44.627416997969526,142.0,0.9859154929577465,15.447390750161254,11.823297505763422
1634,365,72.52691193458118,368.0,0.9918478260869565,25.147415833944994,18.67028110552694
1635,127,42.970562748477136,128.0,0.9921875,16.99667161524068,9.642529011317274
1636,354,92.66904755831213,417.0,0.8489208633093526,30.63066065762548,17.96262035213511
1637,194,53.698484809834994,194.0,1.0,18.650098266070263,13.6020589270177
1638,116,42.21320343559643,119.0,0.9747899159663865,15.173108122705132,9.944751081962437
1639,398,79.01219330881976,413.0,0.9636803874092009,27.132661680458213,19.5359119614225
1640,275,67.698484809835,285.0,0.9649122807017544,24.309558868396085,14.69678299045792
1641,350,75.42640687119285,362.0,0.9668508287292817,25.902307862096116,17.666548075008365
1642,164,50.45584412271571,170.0,0.9647058823529412,17.31849628254119,12.58747247981531
1643,198,54.62741699796952,198.0,1.0,21.06055174554699,12.054841112652323
1644,101,42.04163056034261,107.0,0.9439252336448598,17.071991513270785,7.772933225567308
1645,4226,282.350288425444,4582.0,0.9223046704495853,77.09953874398815,73.09354176052162
1646,913,133.88225099390857,970.0,0.9412371134020618,45.00020580380038,26.97323266025519
1647,106,39.62741699796952,110.0,0.9636363636363636,12.824797415101852,10.898158297642073
1648,110,38.970562748477136,110.0,1.0,14.15243876717359,9.923644737458432
1649,278,67.698484809835,287.0,0.9686411149825784,23.82687638168319,15.205081743561214
1650,149,49.45584412271572,154.0,0.9675324675324676,15.401961425370361,13.119467395976235
1651,103,38.62741699796952,105.0,0.9809523809523809,12.595949053231212,10.709287954078654
1652,386,87.63351365237939,409.0,0.9437652811735942,27.755019987713972,18.95536996845303
1653,124,55.11269837220809,141.0,0.8794326241134752,23.059501715391058,8.08798294056225
1654,146,44.62741699796952,146.0,1.0,14.82070356686708,12.634978184567867
1655,1533,161.1959594928933,1591.0,0.9635449402891263,54.303680579247796,36.39464675150612
1656,109,45.698484809834994,115.0,0.9478260869565217,18.07946156034555,7.97545895483067
1657,253,63.698484809834994,257.0,0.9844357976653697,22.95206122088633,15.178386185686927
1658,200,57.94112549695428,205.0,0.975609756097561,22.09158150832177,11.801289186405675
1659,629,133.0538238691624,763.0,0.8243774574049804,39.99618676753994,23.582233491795314
1660,117,41.79898987322333,120.0,0.975,14.752896425355296,10.530168343323249
1661,442,83.42640687119285,452.0,0.9778761061946902,28.54623179726305,20.310365397874637
1662,204,56.00609665440987,215.0,0.9488372093023256,18.65027307436052,14.484957321573303
1663,940,123.05382386916239,965.0,0.9740932642487047,41.550116021457264,29.215670305911537
1664,470,93.98275605729691,506.0,0.9288537549407114,28.742652960251775,22.163723892990507
1665,228,56.284271247461895,228.0,1.0,19.36724221169914,15.05034497507244
1666,246,64.2842712474619,251.0,0.9800796812749004,23.863550912136564,13.99707852897586
1667,135,41.798989873223334,135.0,1.0,13.372254225003868,12.960788894441702
1668,135,43.21320343559643,137.0,0.9854014598540146,15.643011610241663,11.187728486812201
1669,117,40.04163056034262,117.0,1.0,14.909789546805676,10.11266190485086
1670,867,134.95331880577402,960.0,0.903125,39.609763864591514,29.326195320468543
1671,614,100.25483399593905,625.0,0.9824,34.095956767857544,23.464505700283024
1672,209,59.59797974644666,217.0,0.9631336405529954,17.19293199056791,15.999747711123486
1673,100,37.21320343559643,100.0,1.0,11.795063102222205,10.87910319900479
1674,744,108.81118318204308,758.0,0.9815303430079155,33.02049873103986,29.639616220559958
1675,202,53.698484809834994,206.0,0.9805825242718447,17.052225250063113,15.236969744613559
1676,311,69.79898987322333,319.0,0.9749216300940439,23.057701377606364,17.61934242528264
1677,190,55.89949493661166,190.0,1.0,22.6415154532347,11.178233926475425
1678,1502,201.3380951166243,1749.0,0.858776443682104,52.01359254238384,40.84337767696312
1679,150,52.04163056034261,163.0,0.9202453987730062,18.957303865880267,10.852637524942594
1680,164,48.8700576850888,164.0,1.0,17.301662794154606,12.160213278741983
1681,206,56.87005768508881,213.0,0.9671361502347418,18.751746743388793,14.60584823386093
1682,122,46.62741699796952,132.0,0.9242424242424242,18.58427370548876,8.675814586882069
1683,106,38.62741699796952,106.0,1.0,15.23492486475994,9.013870364828918
1684,323,71.1126983722081,329.0,0.9817629179331308,24.940941368964666,16.998068924328194
1685,144,45.45584412271571,145.0,0.993103448275862,14.751739753899722,12.685490454072916
1686,138,45.21320343559643,140.0,0.9857142857142858,15.878119939443936,11.234884569064791
1687,230,61.94112549695428,240.0,0.9583333333333334,21.686933126031082,14.312857044162774
1688,1292,171.1959594928933,1392.0,0.9281609195402298,45.59526941819215,38.8028339163959
1689,243,60.284271247461895,245.0,0.9918367346938776,22.06209633524231,14.341879860091197
1690,185,50.04163056034262,185.0,1.0,16.90718948162083,14.025158603541135
1691,610,116.98275605729688,712.0,0.8567415730337079,31.5285671734328,26.995315622068244
1692,128,43.21320343559642,128.0,1.0,16.397586844095148,10.00937086261458
1693,139,44.2842712474619,139.0,1.0,14.544576304647551,12.356975043820398
1694,362,81.49747468305833,374.0,0.9679144385026738,32.33189553457469,14.744009299481046
1695,274,75.01219330881975,285.0,0.9614035087719298,31.373500022974216,11.643438435329893
1696,406,90.18376618407356,434.0,0.9354838709677419,33.69477981552045,15.918664645328668
1697,124,41.45584412271571,124.0,1.0,13.710944751166823,11.72080712804559
1698,299,66.90559159102153,309.0,0.9676375404530745,23.329710974951844,16.508833360468653
1699,770,123.22539674441617,832.0,0.9254807692307693,41.13661418455958,25.10454018385725
1700,114,39.79898987322333,114.0,1.0,14.182024079103085,10.340483290532898
1701,110,40.384776310850235,112.0,0.9821428571428571,14.83595857837858,9.663775035495604
1702,151,48.38477631085023,152.0,0.993421052631579,19.35742469310848,10.091324105478943
1703,114,41.21320343559643,117.0,0.9743589743589743,14.985797312571284,10.026967033343446
1704,899,131.46803743153546,967.0,0.9296794208893485,40.525768189298354,29.985910614710495
1705,268,67.87005768508881,274.0,0.9781021897810219,25.652283533293527,13.846781221490346
1706,133,44.62741699796951,135.0,0.9851851851851852,16.190250862052928,10.586862976836446
1707,140,51.07716446627535,156.0,0.8974358974358975,14.811117394583313,13.329014902031041
1708,104,40.62741699796952,108.0,0.9629629629629629,12.990560299611259,10.694095861615889
1709,231,58.8700576850888,237.0,0.9746835443037974,20.84526573897284,14.260869081101498
1710,144,44.04163056034261,144.0,1.0,14.91203659631468,12.478623365314839
1711,432,100.9827560572969,487.0,0.8870636550308009,34.303520893897954,17.59930245030536
1712,347,73.01219330881975,348.0,0.9971264367816092,26.44296616612451,16.944309699547805
1713,210,79.25483399593904,269.0,0.7806691449814126,23.43103719294476,16.228242001722407
1714,100,39.21320343559643,101.0,0.9900990099009901,14.105108714136197,9.28290408021106
1715,214,60.698484809834994,224.0,0.9553571428571429,19.89183793791121,14.686950695141142
1716,443,90.46194077712559,470.0,0.9425531914893617,27.57362958346682,21.023517379942675
1717,107,38.97056274847714,110.0,0.9727272727272728,12.998302370055436,10.680572012220512
1718,2492,299.24978336205567,2946.0,0.8458927359131025,85.0487155163294,42.68142227603836
1719,123,45.45584412271571,125.0,0.984,17.425302938449693,9.263115620166987
1720,483,96.5685424949238,512.0,0.943359375,34.86475453212469,18.161026352782592
1721,311,66.8700576850888,317.0,0.9810725552050473,21.814806315684944,18.706389610780867
1722,105,51.2842712474619,128.0,0.8203125,18.63523680398404,8.945314539315246
1723,1354,194.50966799187808,1571.0,0.8618714194780395,51.85001803660002,36.8183434410625
1724,133,48.04163056034261,136.0,0.9779411764705882,15.897749021826222,11.127977083202847
1725,415,89.66904755831213,444.0,0.9346846846846847,30.730736390428177,18.398241528206785
1726,149,45.21320343559642,149.0,1.0,16.433545316738098,11.630852343849549
1727,165,49.4558441227157,167.0,0.9880239520958084,16.5816881250106,13.094215947694066
1728,321,78.80508652763321,341.0,0.9413489736070382,26.39653236918338,16.136956563641235
1729,1372,191.92388155425118,1606.0,0.8542963885429639,51.857297784648644,36.3740081842171
1730,160,52.31980515339464,173.0,0.9248554913294798,17.135019823038625,12.786510300471878
1731,287,77.59797974644665,314.0,0.9140127388535032,22.846157845418055,17.82901786620821
1732,251,63.491378028648455,260.0,0.9653846153846154,21.90930994450185,15.184145920685816
1733,275,71.01219330881976,287.0,0.9581881533101045,27.24904702965784,13.230923255403276
1734,116,42.04163056034261,120.0,0.9666666666666667,13.349405532247339,11.479611549577065
1735,293,70.87005768508881,310.0,0.9451612903225807,21.306269071257372,18.472027992546302
1736,138,52.2842712474619,149.0,0.9261744966442953,18.242965118802903,10.963494626823357
1737,322,79.56244584051393,349.0,0.9226361031518625,23.81916761645459,19.174175082734987
1738,376,85.84062043356595,415.0,0.9060240963855422,31.23676850572373,16.201028503020392
1739,192,59.11269837220809,204.0,0.9411764705882353,19.995716727246393,12.943129883255809
1740,697,124.81118318204308,781.0,0.8924455825864277,34.083145868675764,28.300383122446423
1741,113,40.384776310850235,114.0,0.9912280701754386,13.541026532157423,10.79232412874354
1742,234,68.2842712474619,262.0,0.8931297709923665,27.687030698073002,12.206194813086896
1743,280,66.76955262170047,291.0,0.9621993127147767,23.807251695486357,15.160786938193972
1744,186,56.698484809834994,195.0,0.9538461538461539,19.38435014613451,12.618159482112302
1745,125,51.45584412271571,132.0,0.946969696969697,21.298329863477594,7.782439272265393
1746,104,39.8700576850888,104.0,1.0,16.05165727352719,8.365516884073498
1747,338,83.08326112068522,364.0,0.9285714285714286,31.674282114135426,14.176372469315268
1748,756,129.98275605729688,854.0,0.8852459016393442,46.238617370622435,23.58992511061013
1749,1155,174.26702730475878,1350.0,0.8555555555555555,50.965233708985735,31.779840266150153
1750,119,47.698484809834994,125.0,0.952,17.707817327373547,9.096756546641238
1751,539,119.63961030678928,617.0,0.873581847649919,50.92449658303569,15.554447983446936
1752,272,80.66904755831214,302.0,0.9006622516556292,31.248602378066405,12.288011287015543
1753,260,74.76955262170047,295.0,0.8813559322033898,25.721142104989287,14.286928989086764
1754,147,50.45584412271571,152.0,0.9671052631578947,19.00098614570744,10.312757374218531
1755,144,50.2842712474619,152.0,0.9473684210526315,17.191878544789425,11.037546348041301
1756,163,48.62741699796951,167.0,0.9760479041916168,16.41063616600052,12.946305448265601
1757,703,139.88225099390857,856.0,0.8212616822429907,38.26917358414431,27.281418174507152
1758,199,67.01219330881976,211.0,0.943127962085308,28.632708175888645,9.280004219340096
1759,597,112.81118318204308,650.0,0.9184615384615384,40.19655173127127,19.72376528877412
1760,182,51.45584412271571,184.0,0.9891304347826086,17.852790675910597,13.245355403731791
1761,549,108.39696961967,603.0,0.9104477611940298,38.345944331728674,19.535226882514312
1762,148,47.45584412271571,151.0,0.9801324503311258,17.534214690630932,10.987633346122493
1763,182,50.526911934581186,182.0,1.0,17.577096424997535,13.35532119051224
1764,127,44.62741699796952,129.0,0.9844961240310077,16.783780203609815,9.856182209969882
1765,161,50.62741699796952,169.0,0.9526627218934911,16.50472829620564,13.16083645443761
1766,139,64.59188309203678,154.0,0.9025974025974026,30.31788726326469,6.765442454659437
1767,799,153.1959594928933,928.0,0.8609913793103449,51.4802007357775,22.351430702553298
1768,266,71.35533905932736,284.0,0.9366197183098591,25.604676193694875,14.384929419980143
1769,110,41.21320343559643,112.0,0.9821428571428571,15.154111871611423,9.363150957985491
1770,229,58.8700576850888,231.0,0.9913419913419913,18.41034808257542,16.551432360153438
1771,498,91.84062043356595,513.0,0.9707602339181286,32.248329581365745,20.08387313019241
1772,122,43.04163056034261,125.0,0.976,14.765494800267373,10.951999883043609
1773,105,39.21320343559643,105.0,1.0,13.882772999815431,9.89054138290385
1774,136,48.2842712474619,148.0,0.918918918918919,17.73005574601999,10.51460355643073
1775,236,69.01219330881976,243.0,0.9711934156378601,28.01203119039709,11.257417153324933
1776,1948,240.45079348883235,2593.0,0.7512533744697262,64.92451568776515,52.34210473984757
1777,146,51.698484809834994,154.0,0.948051948051948,20.03201092998062,9.70859995214384
1778,329,90.66904755831213,382.0,0.8612565445026178,31.679254802199825,15.207569481198059
1779,265,71.73401871576773,288.0,0.9201388888888888,23.21562257467811,15.516557900362226
1780,147,53.45584412271571,156.0,0.9423076923076923,21.791996994848592,8.949189686396338
1781,193,57.76955262170047,204.0,0.946078431372549,19.39496392837224,13.40442833059846
1782,129,45.21320343559643,134.0,0.9626865671641791,14.636210872093452,12.013380993486278
1783,289,72.87005768508881,310.0,0.932258064516129,25.567059669515196,15.205864432837448
1784,264,82.08326112068524,294.0,0.8979591836734694,35.02767993497346,10.58524468926213
1785,169,53.45584412271572,178.0,0.949438202247191,19.014867925404882,11.559398784920313
1786,130,45.45584412271572,134.0,0.9701492537313433,17.04584398210756,9.934800854894116
1787,130,43.4558441227157,132.0,0.9848484848484849,15.997637842896168,10.58322151003071
1788,178,56.90559159102155,192.0,0.9270833333333334,21.05592604339929,11.337366157874142
1789,274,71.42640687119285,303.0,0.9042904290429042,24.490047407330948,15.028335786468327
1790,788,137.12489168102783,898.0,0.8775055679287305,42.15766369183439,26.83214860702271
1791,392,86.66904755831213,421.0,0.9311163895486936,27.911634526854986,19.2616470058478
1792,411,95.7401153701776,465.0,0.8838709677419355,32.57840487567058,17.423640246200392
1793,299,78.66904755831214,327.0,0.9143730886850153,28.079796921705956,15.050498308257644
1794,152,61.35533905932738,176.0,0.8636363636363636,20.638370030299996,11.559352244856537
1795,138,52.627416997969526,142.0,0.971830985915493,22.71892885126986,8.01902726089307
1796,204,65.698484809835,218.0,0.9357798165137615,27.083542561042425,10.018321543949746
1797,187,55.11269837220809,193.0,0.9689119170984456,18.13157700253604,13.628462024069517
1798,240,62.87005768508881,248.0,0.967741935483871,24.466412260853108,12.748069743811705
1799,373,91.7401153701776,429.0,0.8694638694638694,30.413513496274142,17.819109969883737
1800,155,51.627416997969526,160.0,0.96875,18.729718999209993,10.894917563159016
1801,134,48.04163056034262,137.0,0.9781021897810219,18.916652669980493,9.478368405179944
1802,107,43.698484809834994,108.0,0.9907407407407407,18.730575185433214,7.421857856737271
1803,297,75.94112549695427,316.0,0.939873417721519,25.10707531072952,15.461802015782467
1804,482,105.01219330881975,507.0,0.9506903353057199,44.53474786848006,14.168864197759193
1805,147,56.2842712474619,168.0,0.875,21.88996146748688,9.917253430829252
1806,539,119.5685424949238,662.0,0.8141993957703928,38.64509180606027,21.434213260414527
1807,170,59.012193308819754,174.0,0.9770114942528736,25.611790435841453,8.660209908151138
1808,370,86.2193000900063,404.0,0.9158415841584159,29.902297078596714,16.82943110774093
1809,194,61.35533905932738,202.0,0.9603960396039604,25.363843099970317,10.123708365263125
1810,110,42.04163056034261,113.0,0.9734513274336283,14.781603032827487,9.922447056122692
1811,459,97.49747468305833,519.0,0.884393063583815,35.649595386442535,18.867922349304877
1812,115,39.79898987322333,119.0,0.9663865546218487,13.431729904706593,11.2336910733672
1813,382,96.08326112068522,433.0,0.8822170900692841,31.699103225208244,18.408840081190636
1814,156,63.35533905932738,181.0,0.861878453038674,22.808788444008083,10.320558914971802
1815,102,39.798989873223334,103.0,0.9902912621359223,14.326826728928129,9.50347546297805
1816,219,64.52691193458118,234.0,0.9358974358974359,24.65765158079249,12.161951503527893
1817,118,41.798989873223334,120.0,0.9833333333333333,14.769064853870114,10.57222206217012
1818,149,50.04163056034261,156.0,0.9551282051282052,17.34759637091623,11.67523507712374
1819,138,46.62741699796952,144.0,0.9583333333333334,14.982637573987892,12.449818955971244
1820,623,108.63961030678927,657.0,0.9482496194824962,40.45177078268558,20.570242515282565
1821,135,44.62741699796952,137.0,0.9854014598540146,13.9379160540713,12.942195408646382
1822,152,50.627416997969526,159.0,0.9559748427672956,17.18983507792314,11.891470763493086
1823,147,51.45584412271572,156.0,0.9423076923076923,20.57349556225811,9.586465995487817
1824,567,153.1959594928933,894.0,0.6342281879194631,54.208696333507966,23.06506663751468
1825,114,39.79898987322333,114.0,1.0,13.215559176546593,11.099079330255103
1826,2096,229.55129855222071,2556.0,0.8200312989045383,74.471548277878,42.2406599242225
1827,322,84.42640687119285,367.0,0.8773841961852861,31.286371835247117,14.489053135969842
1828,117,42.62741699796952,120.0,0.975,13.382946238615492,11.713180531931178
1829,483,124.71067811865476,583.0,0.8284734133790738,50.179405220296125,13.726066778175058
1830,1352,199.8233764908628,1675.0,0.8071641791044776,54.42575579085073,37.947482017370405
1831,183,62.2842712474619,193.0,0.9481865284974094,25.991697986287285,9.335539102425336
1832,105,47.112698372208094,112.0,0.9375,20.714514072121634,6.763746878412886
1833,719,129.88225099390857,788.0,0.9124365482233503,49.4255182628419,20.677482302315507
1834,172,53.11269837220809,179.0,0.9608938547486033,17.382619752826074,13.33153681904459
1835,214,81.25483399593904,252.0,0.8492063492063492,22.26898991966242,15.513338333890472
1836,240,68.45584412271572,276.0,0.8695652173913043,21.565551357914938,16.032052795925896
1837,117,42.62741699796952,119.0,0.9831932773109243,15.156431055882553,10.073491652435342
1838,105,38.384776310850235,106.0,0.9905660377358491,12.039195186535066,11.210604051793513
1839,627,113.7401153701776,686.0,0.9139941690962099,42.93797304492715,20.130897094891093
1840,235,66.66295090390226,252.0,0.9325396825396826,20.997513287730442,15.283186193701782
1841,114,42.8700576850888,122.0,0.9344262295081968,15.30471060880057,9.979251975583832
1842,117,50.87005768508881,130.0,0.9,19.842120614441647,8.430293801736992
1843,107,39.79898987322333,110.0,0.9727272727272728,14.914990564969377,9.319001094592648
1844,217,60.45584412271572,222.0,0.9774774774774775,20.148201164959556,15.247947527748607
1845,311,71.35533905932738,320.0,0.971875,23.00910869371561,17.944636988196653
1846,170,54.384776310850235,170.0,1.0,23.11056059322974,9.462670208506754
1847,174,50.8700576850888,177.0,0.9830508474576272,18.75518578921491,11.986203989397454
1848,473,104.91168824543142,526.0,0.8992395437262357,38.085270961140736,18.243407244997584
1849,1322,181.92388155425118,1503.0,0.8795741849634066,60.72116609702514,29.449514145716375
1850,226,65.1126983722081,244.0,0.9262295081967213,23.764321599142907,12.958172542036827
1851,1278,180.36753236814712,1434.0,0.891213389121339,60.05179289906599,28.51378307823066
1852,523,112.22539674441619,563.0,0.9289520426287744,44.04300127108715,15.935925773423236
1853,222,74.76955262170047,245.0,0.9061224489795918,28.07038702499936,11.070300181850188
1854,236,63.35533905932738,239.0,0.9874476987447699,23.089305337553586,14.007396689699789
1855,100,37.55634918610404,101.0,0.9900990099009901,14.108274288659933,9.113319735197324
1856,112,44.62741699796952,121.0,0.9256198347107438,16.99752008759238,9.043623001559864
1857,212,58.52691193458119,220.0,0.9636363636363636,17.375643292825842,16.43202812991638
1858,103,39.21320343559643,105.0,0.9809523809523809,13.815879273899965,9.816690030846159
1859,254,65.94112549695429,260.0,0.9769230769230769,20.97506093790412,17.03543104736105
1860,140,60.11269837220809,161.0,0.8695652173913043,22.439619076598465,9.114186395742735
1861,159,53.45584412271571,168.0,0.9464285714285714,19.15202754475256,11.114909086629144
1862,108,47.4558441227157,116.0,0.9310344827586207,19.707904104116697,7.4926866981992015
1863,457,92.08326112068524,477.0,0.9580712788259959,31.211522464153916,19.585500114115824
1864,442,95.49747468305833,472.0,0.9364406779661016,35.1861498592132,16.92603865227552
1865,110,38.97056274847714,110.0,1.0,14.081207397924675,10.042912629531335
1866,169,66.76955262170047,194.0,0.8711340206185567,27.133722696704766,8.87045319149807
1867,145,47.79898987322333,146.0,0.9931506849315068,18.695300569940116,10.115768907742023
1868,159,67.18376618407356,190.0,0.8368421052631579,24.367081533327838,10.362780647991663
1869,132,46.04163056034261,140.0,0.9428571428571428,15.010111121941925,11.500930545354464
1870,239,69.94112549695429,271.0,0.8819188191881919,23.083431739488336,15.06256333376862
1871,243,63.698484809834994,255.0,0.9529411764705882,21.90364681934244,14.743989589051012
1872,142,55.698484809834994,157.0,0.9044585987261147,22.9114100570483,8.360388328693489
1873,282,77.94112549695429,313.0,0.9009584664536742,29.318051717337465,13.226459977246577
1874,466,92.42640687119285,496.0,0.9395161290322581,29.445613167367735,20.92738408639017
1875,114,46.04163056034261,116.0,0.9827586206896551,18.922529460596472,7.768902983969074
1876,197,67.35533905932738,215.0,0.9162790697674419,28.19687024571697,9.674776617315652
1877,242,60.97056274847714,248.0,0.9758064516129032,19.20838851238874,16.914883497794186
1878,248,70.52691193458118,265.0,0.9358490566037736,27.976325269459903,11.956609058249006
1879,106,40.04163056034262,108.0,0.9814814814814815,14.8260765846792,9.346129918552478
1880,311,85.49747468305833,340.0,0.9147058823529411,31.17136798689055,14.36473282074645
1881,162,53.698484809835,172.0,0.9418604651162791,19.932216364654938,11.188993110495822
1882,217,79.59797974644665,263.0,0.8250950570342205,32.23540123037144,9.81212683142805
1883,146,49.45584412271571,151.0,0.9668874172185431,15.93777333409895,12.740040901640265
1884,245,74.18376618407356,269.0,0.9107806691449815,26.635731024103954,13.24668672208742
1885,169,56.526911934581186,183.0,0.9234972677595629,20.679450271845347,11.389571264241125
1886,114,42.45584412271571,119.0,0.957983193277311,13.75875021766497,10.963352572062139
1887,109,45.21320343559643,115.0,0.9478260869565217,18.289293644772,8.092731996018287
1888,122,47.698484809834994,125.0,0.976,20.31007220113258,7.888144024427646
1889,406,88.59797974644665,458.0,0.8864628820960698,26.516967593907026,22.27622229418901
1890,101,37.79898987322333,101.0,1.0,13.839884167800706,9.474352777877199
1891,119,44.04163056034262,122.0,0.9754098360655737,15.41626596764839,10.06288731095541
1892,416,91.84062043356593,453.0,0.9183222958057395,31.59750243822986,17.739280333121304
1893,176,59.35533905932738,191.0,0.9214659685863874,18.383667918797563,12.870398548998047
1894,1073,159.57463914933368,1205.0,0.8904564315352697,42.23913682748383,34.61409001977891
1895,237,65.39087296526012,254.0,0.9330708661417323,21.289520672241974,14.51759070708327
1896,116,41.21320343559642,120.0,0.9666666666666667,13.338903823455468,11.299086873296162
1897,114,44.62741699796952,117.0,0.9743589743589743,15.3033023711353,10.113745751566263
1898,241,67.94112549695427,256.0,0.94140625,23.139651692707613,14.20867777764189
1899,1202,169.68124086713192,1368.0,0.8786549707602339,50.98074436215214,34.059799981074455
1900,1095,145.9827560572969,1145.0,0.9563318777292577,51.39819945256515,28.144912608358716
1901,1140,162.85281374238568,1286.0,0.8864696734059098,50.658641337280145,30.675565903291155
1902,1268,173.53910524340094,1481.0,0.8561782579338285,50.179267830241365,37.69739860941906
1903,1006,155.78174593052023,1138.0,0.8840070298769771,51.82096577351001,26.500292637063197
1904,1048,161.4386001800126,1185.0,0.8843881856540085,51.31139813355392,28.121560087580434
1905,1020,139.78174593052023,1100.0,0.9272727272727272,44.161800222802775,30.37412860746713
1906,1703,206.16652224137047,1985.0,0.8579345088161209,62.73596343264171,38.893184257128745
1907,1001,156.36753236814712,1091.0,0.9175068744271311,53.943501675721315,25.2895291017714
1908,1313,173.78174593052023,1452.0,0.9042699724517906,47.59655021170335,37.00840825925063
1909,1699,181.33809511662426,1784.0,0.952354260089686,60.16063473194227,36.699598600358634
1910,1272,153.39696961967,1317.0,0.9658314350797267,56.09787593527258,30.103432013971002
